Method,LogLik,sigma_y,a,b,sigma_x,ID
Robust (c=5.14),-2798.811603212522,0.3232682418475974,0.04415466577917444,0.9961219012879983,0.011756823647490333,0
Standard (c=1000),-3699.921880422834,0.4907364446861205,0.07400287532925923,0.9921208099150559,0.014861443037574558,0
Robust (c=5.14),-7350.802452662092,0.9555721084800204,0.06262178446068076,0.953694567065188,0.06443535545761718,1
Standard (c=1000),-7108.058842860783,1.0098295331659317,0.05497353681781547,0.9642516675108833,0.054897183704725135,1
Robust (c=5.14),-2790.07605291475,0.3080053039438994,0.0020234091196731988,0.9995407061519181,0.012393576713065298,2
Standard (c=1000),-3593.344496999148,0.4700707806979151,0.003608759231096101,0.9993386748246816,0.008538167954371853,2
Robust (c=5.14),-2838.77548744982,0.34924339015804406,0.07234228432303627,0.991951005111039,0.014047846605121438,3
Standard (c=1000),-3594.0043434876206,0.4627394672102866,0.00909399408911887,0.9993781748905451,0.010397410033417018,3
Robust (c=5.14),-4979.076427215685,0.9102566033740592,0.0017601810240336843,0.9990784499257789,0.009214546375454562,4
Standard (c=1000),-4858.155392344875,0.8991960086576543,0.011888032326024412,0.9990527582231958,0.0028850221034828045,4
Robust (c=5.14),-2958.3046173492858,0.26844569283106384,0.05159830450654984,0.990697967330078,0.020840694993327885,5
Standard (c=1000),-11211.366669864525,0.8714901877977547,0.0949901493158653,0.9334265776546348,0.3555563009986767,5
Robust (c=5.14),-3464.842359951225,0.4812883778758058,0.04940555846555453,0.9996847369098832,0.017104013584423525,6
Standard (c=1000),-4549.525628687161,0.8020961658871897,0.03719715600175644,0.9959727062026376,0.0059391245677594285,6
Robust (c=5.14),-2823.6669539893073,0.3197404916828409,0.015302785782348336,0.9968638119067083,0.014832393071700662,7
Standard (c=1000),-3610.4509340662207,0.4655322477979294,0.013153854997876045,0.9983916806266763,0.01173193613778559,7
Robust (c=5.14),-3531.9987943459696,0.5746306159006774,0.02070046661198266,0.9991124498041535,0.010018548723771212,8
Standard (c=1000),-4022.5839479282977,0.668123280164132,0.017139584138744546,0.9980844752347117,0.004128241512252315,8
Robust (c=5.14),-2900.0368065490993,0.380311149866206,0.03958571704987536,0.9956120656944292,0.0050746576907118295,9
Standard (c=1000),-3889.634112284468,0.49997533218412304,0.040613956987188476,0.9955709913492115,0.0027878840336524706,9
Robust (c=5.14),-2786.12310629507,0.31464922742048385,0.0034234147300176965,0.9999229681935949,0.015187008784223601,10
Standard (c=1000),-3603.6612242280844,0.45404912666923813,0.003427822337891415,0.9995774304182766,0.006007916706070055,10
Robust (c=5.14),-2793.2591486346714,0.33313117327729536,0.0006524924426951204,0.9995436475049093,0.011087982501774448,11
Standard (c=1000),-3603.442546146812,0.4919752582601918,0.0004713608514471364,0.999985590295234,0.007814709559954298,11
Robust (c=5.14),-2794.709448976115,0.30443246850873035,0.02647276048435681,0.9963011229218383,0.013686421533572532,12
Standard (c=1000),-3606.9329845609213,0.4326788005352097,0.016560460731503968,0.9981980358631429,0.013317998878379592,12
Robust (c=5.14),-3411.7030331352717,0.2595575961527545,0.11515708140769708,0.9998944814958594,0.03409768864731105,13
Standard (c=1000),-4609.473485068449,0.4351667111944503,0.1532245816033139,0.999999997690982,0.044190158289156053,13
Robust (c=5.14),-2828.5211213364696,0.2709626352992382,0.06151518019106859,0.9940340496240438,0.017188776733836404,14
Standard (c=1000),-3697.6065596832223,0.42638534243812565,0.10342906886095586,0.9899683177896152,0.016328415360695746,14
Robust (c=5.14),-2810.798689904012,0.32462398388487224,0.02558336696969684,0.9964043264640796,0.011454172306451807,15
Standard (c=1000),-3684.2003930216874,0.43969340044707506,0.027434885928046687,0.9990758649509751,0.014554103095439353,15
Robust (c=5.14),-7691.310776817257,1.4820609777219578,0.06127616519192623,0.9944133451691383,0.0006889406617917748,16
Standard (c=1000),-3749.0494915685094,0.4394310121416261,0.08936890223342853,0.9879606107018933,0.01841216802561441,16
Robust (c=5.14),-8219.798857195188,1.9745461001362397,0.07062500469513576,0.9940260720573623,0.006885531035836905,17
Standard (c=1000),-8710.95576915183,1.936254135264815,0.06935099763642344,0.9941020888169562,4.5514766602806684e-05,17
Robust (c=5.14),-2773.4695130227688,0.32100038311109635,0.024469919242352745,0.9978546498152914,0.011958188286248762,18
Standard (c=1000),-3624.7821237516914,0.43417326114050836,0.0556740566603665,0.9943991261226811,0.014886249222303891,18
Robust (c=5.14),-2803.582821626346,0.3021744286219656,0.04898600375771209,0.9944305641415205,0.016558475169831825,19
Standard (c=1000),-4273.633340554117,0.631306710125151,0.1170408846768025,0.9880601547419199,0.02312840640852251,19
Robust (c=5.14),-2800.2602033310545,0.31064506510810364,0.034061632063860425,0.9974449540571959,0.015669025129014854,20
Standard (c=1000),-3679.2843418045795,0.450836048013357,0.06178976806937282,0.993694003918134,0.01820116531651313,20
Robust (c=5.14),-2801.7193184725247,0.3260827582239379,0.029401086255822266,0.9962919052277869,0.014922635104383773,21
Standard (c=1000),-3599.6084750062196,0.4622011060580015,0.0299731386605242,0.9964842276656954,0.007126235014895837,21
Robust (c=5.14),-2799.2766623990233,0.30650663793281036,0.05384994946369659,0.9936246902780151,0.013900124307208425,22
Standard (c=1000),-11595.499732787397,0.15353185245271542,0.049522834162546055,0.944064961367988,0.3351542708166008,22
Robust (c=5.14),-2842.621526606332,0.3251095870683262,0.09661435780626454,0.9897130757340007,0.01670072318480048,23
Standard (c=1000),-3707.707091630611,0.42831843858654506,0.10408635430430958,0.9900471462304172,0.016584791317174333,23
Robust (c=5.14),-4838.223120554728,0.8671818806428874,0.07572302680446244,0.9920664525868996,0.010922184847606532,24
Standard (c=1000),-4434.143394508539,0.7829084388022364,0.006062297554983213,0.999546725075912,0.004217829282554516,24
Robust (c=5.14),-3663.1227919048133,0.5534607931390555,0.06358328693065392,0.9958965312907314,0.009101652461418704,25
Standard (c=1000),-4809.4235984462175,0.8202804003281867,0.02816091095720827,0.9955492701817051,0.015087144487075193,25
Robust (c=5.14),-2797.8981112525453,0.352164455058449,0.014187970874735278,0.999093519700234,0.010596785291287558,26
Standard (c=1000),-3606.5923560754127,0.44345818988544666,0.012598360988318524,0.9994746432620473,0.012813056915883895,26
Robust (c=5.14),-2920.699122042123,0.2715458545502078,0.09921161907482445,0.9905653371155486,0.023792736285515648,27
Standard (c=1000),-11344.917011115775,0.2701880215645597,0.08185612001649362,0.9721226489511897,0.35949837312175076,27
Robust (c=5.14),-2790.4909815713163,0.3225982616796078,0.02718598883530607,0.9977029564601784,0.014622083549247001,28
Standard (c=1000),-3616.7347361326133,0.4651085253431222,0.005496229921968842,0.9987214126952542,0.01083863733151417,28
Robust (c=5.14),-2782.4192481889704,0.3419260484883419,0.030091990059713757,0.9964140218043954,0.00990250755829459,29
Standard (c=1000),-3681.943708715632,0.5434155776618362,0.02572898849314344,0.997395888902549,0.003960769804889051,29
Robust (c=5.14),-2826.1768864658425,0.3054652996421896,0.004119499168033339,0.9983877340172337,0.0155863209463557,30
Standard (c=1000),-3619.0704087481868,0.4531630113968265,0.040692590131934256,0.995431861497455,0.009656007174326388,30
Robust (c=5.14),-2857.1798511110383,0.30874195399413124,0.022732989511575596,1.0,0.015654506710745947,31
Standard (c=1000),-15617.662006560411,0.19552273605964435,0.10013414580989423,0.976866391099856,0.8227999175323768,31
Robust (c=5.14),-4743.853141731274,0.4993680764098059,0.3460873905444329,0.9437135353223641,0.03824860792503005,32
Standard (c=1000),-4421.307862820862,0.40795823864788355,0.13351096240165944,0.9999319948928276,0.03901630512658069,32
Robust (c=5.14),-5018.794522402042,0.5471832432786221,0.07906556914747262,0.9691337504423282,0.042002074114183705,33
Standard (c=1000),-3620.053704845067,0.4440022135842955,0.03527606966597323,0.9959193179625924,0.014710283998829149,33
Robust (c=5.14),-2817.208108641655,0.3002405296557323,0.06537771519965165,0.9922712408313971,0.013757993276531077,34
Standard (c=1000),-3597.682213153841,0.4516916513548492,0.007052714975730234,0.9990613665770147,0.011083508256675168,34
Robust (c=5.14),-7423.826285729062,1.1328115721801977,0.03874793327924836,0.9676185982433465,0.05308132858000309,35
Standard (c=1000),-6720.129211673799,0.9302963987182952,0.02255524876678295,0.9704069992874059,0.05403372256789692,35
Robust (c=5.14),-3087.680714074995,0.4569344616509909,0.0584044349205418,0.9936781015476406,0.012066671238805603,36
Standard (c=1000),-3693.23901395371,0.5084030528643885,0.0655143650666848,0.9930530081785268,0.011742051086148536,36
Robust (c=5.14),-3658.363281935388,0.47602034797380205,0.0707747250544303,0.9999054480778415,0.019901272590358107,37
Standard (c=1000),-4744.778104657422,0.8538884453249916,0.02981321951342441,0.9967407158918653,0.003986944073241411,37
Robust (c=5.14),-2828.5575283007875,0.32559217927536105,0.06348252908949248,0.9933615666064086,0.017756596928070845,38
Standard (c=1000),-3612.717494125587,0.4548822714864508,0.036231417536447236,0.9958170325280425,0.010632910438489197,38
Robust (c=5.14),-2840.516489701739,0.33314233617881966,0.08562943711586803,0.9904479413911325,0.01525928802552391,39
Standard (c=1000),-3776.035827963056,0.3696757514175726,0.09504602602151321,0.9898662652987297,0.019000859161584255,39
Robust (c=5.14),-2811.3853893303194,0.3609179426346161,0.0027509062149175065,0.999672104229978,0.0075712868459444855,40
Standard (c=1000),-3703.2483386785675,0.470655771320838,0.0060612177517174945,0.9973089752366009,0.013520241921147109,40
Robust (c=5.14),-8016.388379894733,1.8997248458950362,0.00416279768194347,0.999338067555746,0.004308076423129164,41
Standard (c=1000),-9162.485894990417,1.9079464831313417,0.005205266773304182,0.9997084906722805,3.777572008720666e-07,41
Robust (c=5.14),-2807.7032223870133,0.31564521453118227,0.07208741894507585,0.992937959805516,0.01624985242099981,42
Standard (c=1000),-3656.43440462028,0.44039003899251083,0.07273869888219364,0.9916215285029126,0.015203455634968138,42
Robust (c=5.14),-3152.21595226917,0.3398262168049166,0.033123095438072986,0.994738429890171,0.02984553921524288,43
Standard (c=1000),-3644.9876984795783,0.4500883503608003,0.06509150357854607,0.9931635647768229,0.013051737291711552,43
Robust (c=5.14),-2791.498181454124,0.32414811862063964,0.0015694734123892194,0.9997357956920269,0.012459838457623287,44
Standard (c=1000),-3664.173972877882,0.5275641067874726,0.00891279482683886,0.9998887791584835,0.007806868599213681,44
Robust (c=5.14),-5290.010268228281,0.9882655519588991,0.07100433145981233,0.992964855224236,0.008514316111889788,45
Standard (c=1000),-5272.777151708669,0.9874896788345333,0.04953313336847132,0.9951420737279033,0.007550885014313753,45
Robust (c=5.14),-2818.2421685336403,0.31734385278690075,0.07877151791962644,0.992118740365854,0.0152045919465268,46
Standard (c=1000),-3587.703754084913,0.46994886386435125,0.008314825172520258,0.9989195416324291,0.008236447268366196,46
Robust (c=5.14),-2864.449344036456,0.29087847594595456,0.09951760911196994,0.9901413779685371,0.014727001782533647,47
Standard (c=1000),-3720.503427423978,0.4276399047730476,0.11893958895592187,0.9871181901661017,0.016923639990596522,47
Robust (c=5.14),-2797.4514607701794,0.30462002343262656,0.038777179427913006,0.9965868060064423,0.015482899513874049,48
Standard (c=1000),-3729.389598910166,0.4384701588898685,0.1207324191720986,0.9880270837825668,0.016230622239185095,48
Robust (c=5.14),-2805.510270478908,0.32517886313026123,0.02358385833022364,0.999040736801202,0.014936811056069045,49
Standard (c=1000),-12518.349066211109,0.2167286037287618,0.02532383777608598,0.9927653102628231,0.4215635940039753,49
Robust (c=5.14),-2832.3819589115956,0.32561030070907826,0.005823325411275959,0.9980284312212502,0.012732772672323067,50
Standard (c=1000),-3599.539771086357,0.45887631320287026,0.030358766892764573,0.996999123713293,0.011350866546107409,50
Robust (c=5.14),-2784.714260485901,0.30867297588317916,0.0014848389301117973,0.9998037684531084,0.014040928695599588,51
Standard (c=1000),-3585.6126215986355,0.4603336002669091,0.0019366734856227032,0.9999089057639506,0.007302577564702812,51
Robust (c=5.14),-2786.6336838255916,0.3202159853185654,0.003124395505225405,0.9999606288508341,0.01324730335257636,52
Standard (c=1000),-3580.794583154577,0.4610019034349462,0.002892492020688138,0.9999102263730774,0.006268936448373086,52
Robust (c=5.14),-2953.834298486643,0.3867439053810669,0.059028146926330675,0.9929387967729604,0.013420874358331761,53
Standard (c=1000),-4010.1665200357456,0.664405197300565,0.012858109659510958,0.9990079683537144,0.0055891131929717425,53
Robust (c=5.14),-2780.173702630519,0.334490521279052,0.0054661420110497135,0.9993730585775544,0.011563461008362573,54
Standard (c=1000),-3585.9208776614605,0.47421291382022135,0.00878331414359358,0.9990321518392055,0.007786392495781294,54
Robust (c=5.14),-2905.043117344757,0.27511532318810294,0.13792384057311574,0.9846572334711551,0.020722647970449693,55
Standard (c=1000),-3725.766941515103,0.4279758334810303,0.11523539119279272,0.9872041333464971,0.01608503375191639,55
Robust (c=5.14),-5149.947251855696,0.9736905525230158,0.03666786708614696,0.9962570691125668,0.005654024500460275,56
Standard (c=1000),-5118.156124360252,0.9452745480953255,0.05088192520191331,0.9947684720455177,0.005493943372047716,56
Robust (c=5.14),-2829.7116094116377,0.30968795413518746,0.009572975093531763,0.9978097979470867,0.017369290392215457,57
Standard (c=1000),-3608.2826898668804,0.45183301210150056,0.013881619681673327,0.9989244573543591,0.013350880446277887,57
Robust (c=5.14),-8183.552204432936,1.7211107388735085,0.05395513038494659,0.9952776354764201,9.327561111724133e-05,58
Standard (c=1000),-7978.4247710984455,1.7559697911582972,0.053258519122477144,0.9953159029911481,0.0008429309449776312,58
Robust (c=5.14),-4234.034453089679,0.7626971279127607,0.015249876415992916,0.9986849502290154,0.001678675635735825,59
Standard (c=1000),-4485.9724219242125,0.7890944075016393,0.019217544532384064,0.9981286460764021,0.0015700213809791757,59
Robust (c=5.14),-2782.389376017551,0.31596699419737456,0.0021137235727819357,0.9997529992819761,0.012741103322262777,60
Standard (c=1000),-3585.5079007460786,0.46643606684964767,0.008530223160206924,0.9993092005521618,0.006432152647230863,60
Robust (c=5.14),-2812.5729986289584,0.31852358158594196,0.019535776180348886,0.9997921426583186,0.0129343777196504,61
Standard (c=1000),-3595.5756631517056,0.47956587411759677,0.006541083302719908,0.9999613202010631,0.008255704517785907,61
Robust (c=5.14),-2799.7759336393256,0.3089835694739215,0.0518232868544348,0.9946890806220253,0.016668770520078854,62
Standard (c=1000),-3691.122012262683,0.43370047974278453,0.060957148526617703,0.995831606175261,0.015668332813542633,62
Robust (c=5.14),-2779.591720432334,0.3277425161640431,0.01714966631501328,0.9986146362132239,0.011789205492221212,63
Standard (c=1000),-3591.2249660311636,0.46344054230279885,0.008281720717862446,0.9991609155062806,0.01076321440095915,63
Robust (c=5.14),-2787.7469356032493,0.30387981672374004,0.04371285014813994,0.9953905551958412,0.015088106928174633,64
Standard (c=1000),-3627.331469868938,0.4411739767967621,0.05467534378041273,0.9940727150987438,0.013019972500472373,64
Robust (c=5.14),-42671.553555695944,1.999524416241819,0.0037636207005531967,0.991450119279263,0.0016086762081622015,65
Standard (c=1000),-86845.7107783333,1.9999760659913386,0.0038288141793553776,0.9910203066218388,0.001865708198181556,65
Robust (c=5.14),-2800.0938125967214,0.33793156236699584,0.0054365255647768895,0.9987260943173996,0.013153377647505918,66
Standard (c=1000),-3597.3679874479135,0.4567468816960135,0.0042098244593895065,0.9993302125088317,0.007879151674603017,66
Robust (c=5.14),-2826.4352646126904,0.3176060068242646,0.08353230164024304,0.9915012161065383,0.015303508885914547,67
Standard (c=1000),-3656.963228792906,0.45893469989471497,0.06511472932971574,0.9939816295792984,0.011277257721068686,67
Robust (c=5.14),-9200.620163888041,1.9236062617389549,0.004325328749821023,0.9997290338216197,1.4672999174934235e-07,68
Standard (c=1000),-54966.15767801512,1.979562941586715,0.005075944557887013,0.9982419155352199,0.00010627579878802059,68
Robust (c=5.14),-2779.6671816368284,0.32184203406969025,0.03528515604489234,0.9970245359149349,0.012710552041976343,69
Standard (c=1000),-8325.699486207395,0.25865776110650435,0.08253318369579493,0.9546245253475204,0.18883972470733765,69
Robust (c=5.14),-4922.956385949175,0.8183920854262234,0.20494826285983947,0.9796988596566328,0.015631001548394287,70
Standard (c=1000),-5822.773808905287,1.0317732460419589,0.05596480842245674,0.9966018373593095,0.028215164195983123,70
Robust (c=5.14),-2786.6216606893104,0.3116155097303071,0.042473682854431434,0.9960090443745809,0.013256708040088012,71
Standard (c=1000),-3905.0816013185804,0.40554111970609447,0.05844989280215343,0.9998971657579724,0.02287301660003421,71
Robust (c=5.14),-2840.6506094984625,0.3412865328296364,0.07715133644498917,0.9913809683156338,0.015188424653303063,72
Standard (c=1000),-3739.4732521685196,0.42966920559243965,0.13034816463895105,0.985854918417841,0.018559777272691827,72
Robust (c=5.14),-2815.957443835616,0.29117001931225706,0.007007921496728629,0.9988296333933528,0.011649904813406733,73
Standard (c=1000),-3641.0711431889977,0.44541096235849886,0.059979632547872336,0.9931441729221698,0.013446054089871899,73
Robust (c=5.14),-2854.3556646186616,0.2748200441510593,0.10351230584658622,0.989563102424616,0.018220605809196752,74
Standard (c=1000),-3772.0760656903276,0.38477334546798897,0.11254581300853299,0.9888542010956287,0.019813562045612854,74
Robust (c=5.14),-2806.3472983463676,0.3297197571478236,0.013288383422305549,0.999835493486762,0.014940494672915422,75
Standard (c=1000),-3655.8661469483486,0.46577632229858856,0.015870955573765222,0.999999999995792,0.013860843021153231,75
Robust (c=5.14),-3036.9992639359352,0.3214001694888416,0.15635897114544398,0.979862633654422,0.019797082889267625,76
Standard (c=1000),-4166.9330227241735,0.5004873200514034,0.16060726811801856,0.9792326673242502,0.013355884810292618,76
Robust (c=5.14),-3014.7594458340036,0.2702338365849504,0.08825150119578398,0.9884955655903316,0.02856528857760594,77
Standard (c=1000),-4793.007083021417,0.8415511907627168,0.06976002758654887,0.9925573904444667,0.00689675993753361,77
Robust (c=5.14),-2816.381640332125,0.29125944432115974,0.011515023413182996,0.9999564242336689,0.01728587519785809,78
Standard (c=1000),-9714.827241978337,0.12928511356291672,0.06705238937545396,0.9859218523216987,0.2233232127043956,78
Robust (c=5.14),-2797.784855189145,0.31038550499189943,0.011307244664007598,0.9981794022021904,0.01563630609327245,79
Standard (c=1000),-3640.8574181768336,0.46364097106516233,0.01947645609990259,0.9967381086647265,0.010050181635428385,79
Robust (c=5.14),-2778.7402294235912,0.3340014828866877,0.025885295159543707,0.997001031368917,0.01220479879519594,80
Standard (c=1000),-3584.241771990832,0.465521352316059,0.0064999003364234545,0.9996552829924056,0.00834461577067174,80
Robust (c=5.14),-2936.675727091849,0.28735769133568295,0.07608406791232522,0.9927953543869482,0.025909855165577998,81
Standard (c=1000),-12983.839030140702,0.2295312680523862,0.0349843101541742,0.9922494321643449,0.48405332411068275,81
Robust (c=5.14),-2793.783329419109,0.31185488032009046,0.038165978693101045,0.99631610873124,0.016343030580336836,82
Standard (c=1000),-3692.3664319512227,0.4276303579234789,0.09575387331468077,0.9893272061693078,0.01723126271526363,82
Robust (c=5.14),-2802.3589806786795,0.301840666938107,0.05361977489349931,0.9942231709244937,0.016919571464751173,83
Standard (c=1000),-8453.13018971233,0.18073506811253617,0.06837875830710725,0.9657005339993424,0.18223145935449353,83
Robust (c=5.14),-2771.8873423918344,0.3342124900878447,0.02971105207314157,0.9968129829588663,0.010596963536021317,84
Standard (c=1000),-3600.767742525688,0.43983188575570625,0.028904773577732662,0.9973171450618268,0.010743416215767708,84
Robust (c=5.14),-2777.9462538668417,0.32403343612336116,0.010420519676566056,0.999072383479846,0.012904185100533755,85
Standard (c=1000),-3592.262361665534,0.4734211013152102,0.015616523213740519,0.9981926656481783,0.00989491899213765,85
Robust (c=5.14),-2777.7424972447106,0.32601054137073887,0.011050060211466775,0.9986829877630422,0.01236722120643289,86
Standard (c=1000),-9157.043787544542,0.16036101886169418,0.021291759761268805,0.927593777281947,0.17237565953614706,86
Robust (c=5.14),-2975.3804875121923,0.3885189054144992,0.09522010603202827,0.9907906409688738,0.01651635354583913,87
Standard (c=1000),-3734.6010854557603,0.37926271954191165,0.08045686359916819,0.9912829143861769,0.016851518068171374,87
Robust (c=5.14),-2941.4645177663756,0.27452777199972717,0.1333121767757217,0.9839342583488419,0.022534567148763552,88
Standard (c=1000),-3755.6058225435354,0.4154644947442245,0.12047760315328183,0.9864563350023833,0.021473140940192353,88
Robust (c=5.14),-3674.4422226296365,0.6176312903201103,0.03455596458748407,0.9964742459468183,0.0051639268663150155,89
Standard (c=1000),-3628.336584712412,0.4504618864926507,0.012446115783807658,0.9985060257253262,0.013344640723467222,89
Robust (c=5.14),-2797.5842571735266,0.31527483989124216,0.0199924315069309,0.9988266472874141,0.011650608443011322,90
Standard (c=1000),-14329.087197728768,0.14226045900475448,0.01576842809092678,0.9975621111780195,0.47001493982475995,90
Robust (c=5.14),-3153.837678330171,0.2887551459099247,0.0175730073921226,0.999759206779137,0.034071784136680466,91
Standard (c=1000),-4949.74211153743,0.9104662609706661,0.012850339191123057,0.9984410753972774,0.003497701966745664,91
Robust (c=5.14),-2850.075441724616,0.3600266940636943,0.0395935888879894,0.9947486600984794,0.011043017054112278,92
Standard (c=1000),-3949.0485812358984,0.5734463809401725,0.07438306971195882,0.9945881703951217,0.01383069228436408,92
Robust (c=5.14),-3012.6172533631366,0.3019578557727591,0.19118399719212614,0.9788850487736401,0.020391486326830726,93
Standard (c=1000),-3600.404023954751,0.4354809791960762,0.0009376161642745615,0.9999250300453871,0.01051607388935426,93
Robust (c=5.14),-2784.914353868254,0.3348976471906971,0.00825131787934121,0.9991692669257252,0.009494131333917365,94
Standard (c=1000),-3597.372786492439,0.49383926059451483,0.013530812219772159,0.9990160129208288,0.005689142288800818,94
Robust (c=5.14),-2778.9856338416794,0.3174384030504017,0.007209286005112807,0.9991475792263618,0.01086095770465267,95
Standard (c=1000),-3613.000866292378,0.4303173262122163,0.029008265461046113,0.9975211532065154,0.013223780037828202,95
Robust (c=5.14),-2859.3858948351317,0.2810014944330957,0.06940683374415657,0.992407062256378,0.020472231671107947,96
Standard (c=1000),-13261.170915942921,0.16988042374612622,0.09070309090299568,0.9814174298467007,0.4534043103901229,96
Robust (c=5.14),-2833.277595249297,0.2792654981162018,0.024293411335406315,0.9963121948444565,0.015304671051898155,97
Standard (c=1000),-3662.654248798496,0.44373782520756505,0.07825609060285409,0.9922029664256484,0.013458250783279994,97
Robust (c=5.14),-2842.9478102315734,0.3581277030123893,0.0593745834222839,0.9934082966700613,0.009011505309781172,98
Standard (c=1000),-3635.923141877817,0.4756396708579336,0.053275677886475685,0.9944971128627905,0.011781026820599576,98
Robust (c=5.14),-2817.7859980508238,0.32228985939247506,0.039731406090002655,0.9944487948531274,0.013878381799621886,99
Standard (c=1000),-3637.9813045033043,0.4890352420961784,0.0513868698916988,0.9944369591254182,0.010547733404559874,99
Robust (c=5.14),-2803.4217823167414,0.3049760751626901,0.04242082461185572,0.9958585011868161,0.01726277557427313,100
Standard (c=1000),-10357.951872414003,0.3460386498489819,0.02809791371810999,0.9484493103626299,0.309702778389123,100
Robust (c=5.14),-2881.9564584288983,0.30836614879460544,0.03811325215108671,0.9934341452099772,0.017752064288673895,101
Standard (c=1000),-3644.2713494791883,0.45918939792613844,0.039626084053969904,0.9969212826436569,0.014713668457861753,101
Robust (c=5.14),-2802.076263704542,0.2984243556411451,0.041109191888569666,0.9959232013067383,0.016618340829941614,102
Standard (c=1000),-3607.1180160322115,0.4364245664055574,0.02484132543015181,0.9978325047813028,0.014231272728754935,102
Robust (c=5.14),-2806.0515737188325,0.36648678263929363,0.021831644740881034,0.9977752481728196,0.0059329951770612,103
Standard (c=1000),-9826.580407047488,0.28538253591501483,0.017291286365164988,0.9314465977784547,0.26421614284328016,103
Robust (c=5.14),-2781.2812463753835,0.3213015295040235,0.025457493502712564,0.9971440047686964,0.009819638198612065,104
Standard (c=1000),-3763.2312172120714,0.41586362001638977,0.038913628166391316,0.9995549219940286,0.0183482100151692,104
Robust (c=5.14),-3831.378131568917,0.2569765786014115,0.03711368058292922,0.9961282479211566,0.0022260778987405346,105
Standard (c=1000),-3595.0394435965363,0.45344980840574284,0.037635439092703504,0.9960487884032923,0.010380311101931326,105
Robust (c=5.14),-2852.0854506953324,0.322402574430263,0.09028506878986065,0.9896629779468022,0.017012308608984884,106
Standard (c=1000),-3762.2136917418466,0.44485386622106926,0.12270943504566784,0.9870603277205813,0.018249214075974265,106
Robust (c=5.14),-2851.7204538669953,0.3079305669515652,0.1012297219565503,0.9895574471439762,0.014513566270127776,107
Standard (c=1000),-3693.6828498878194,0.43171826823856396,0.08688001427770511,0.9920776062945427,0.013196326773310535,107
Robust (c=5.14),-40357.8386583335,1.9992495195043833,0.004196660896334123,0.996351900150781,0.00013679593975071978,108
Standard (c=1000),-73871.96859788739,1.9997244924259479,0.004224207278066943,0.9963645717425074,0.0013245449232520319,108
Robust (c=5.14),-3115.3268776284503,0.44105150102298857,0.05389469891741082,0.9948362163118958,0.01673313419278669,109
Standard (c=1000),-3614.9688853414536,0.4599723465386139,0.04305688213376892,0.9950276051298024,0.011843978560275654,109
Robust (c=5.14),-2814.351172599241,0.3080237504926237,0.06276660364403233,0.9924194341336088,0.015549934883737935,110
Standard (c=1000),-3643.3181798011647,0.44635602844912525,0.05847497971586728,0.9943708763419964,0.011909067217051489,110
Robust (c=5.14),-2777.6544776598425,0.3280834595716037,0.0052708015114304035,0.9992636857294462,0.011255045995312548,111
Standard (c=1000),-3647.0179291637337,0.532026780048489,0.01189877336573075,0.9986859308551596,0.004409749281899582,111
Robust (c=5.14),-2868.432339133911,0.2734697922196041,0.06450004041074749,0.9952509074514212,0.01909277160068807,112
Standard (c=1000),-3707.129541601078,0.43295671764960286,0.09213963644983228,0.9916681938073142,0.015027529825629271,112
Robust (c=5.14),-2797.699440050209,0.3521259073872735,0.003981645445676909,0.999996260467955,0.008593948777423545,113
Standard (c=1000),-3595.4868295162632,0.4876026020772859,0.004580937004424746,0.99997656320992,0.005595180653208265,113
Robust (c=5.14),-2846.289152609753,0.3024953975961204,0.10445630492335684,0.9892903385901783,0.016454328462131535,114
Standard (c=1000),-3776.3444753268327,0.42115083713050666,0.11703768419646245,0.9877512774571967,0.023795184245859642,114
Robust (c=5.14),-2823.303238394663,0.320745603301234,0.08195544332651788,0.9912662017150279,0.015474250870962101,115
Standard (c=1000),-3635.780073502207,0.44749219681552715,0.0552853828510487,0.9937874568706294,0.014092291036669454,115
Robust (c=5.14),-2885.5654381948034,0.31581065474328235,0.038101683288874685,0.9992163052258148,0.01597562659947627,116
Standard (c=1000),-3906.6095645092414,0.40684511721839867,0.06124878901623168,0.9994809216736408,0.02251128510145389,116
Robust (c=5.14),-3189.0817489668616,0.24862335966255886,0.0856404486256919,0.9994671676506551,0.028299399140412133,117
Standard (c=1000),-11874.728209634852,0.2911388007689539,0.03137513380484326,0.9180554116689061,0.3954061064295752,117
Robust (c=5.14),-3395.3499361549634,0.3599828842732373,0.3243370356633106,0.9666579391938623,0.029043764758523022,118
Standard (c=1000),-4885.839537099105,0.8390026196793903,0.1126449159132417,0.989372777299769,0.013252371058529059,118
Robust (c=5.14),-2975.7204821388104,0.35676413610306845,0.08532595678386275,0.9882075564470726,0.016170614736425924,119
Standard (c=1000),-3715.4931449413557,0.4441566763048631,0.027270637856580265,0.9999992117257702,0.016186891724384082,119
Robust (c=5.14),-2779.3242873325544,0.3245056290059954,0.006447159375414957,0.9996487007444318,0.012131251291325605,120
Standard (c=1000),-3581.417273946786,0.47395180712862484,0.021003287839913717,0.9977527400393068,0.006487953797966748,120
Robust (c=5.14),-7996.748361576506,1.7425749972085562,0.029466494661140333,0.9921154620040578,0.01974844407543787,121
Standard (c=1000),-6524.677254346353,1.2889311390952485,0.02459640639305527,0.9947777471740149,0.01573209415527809,121
Robust (c=5.14),-2831.098771318536,0.29409285673119,0.0788452018943596,0.9921406665401817,0.01696807335753163,122
Standard (c=1000),-3632.924472229135,0.4347482543920002,0.06184420166933671,0.9936915547853679,0.01476446235046476,122
Robust (c=5.14),-2806.9159388309445,0.3693406882732764,0.01345681647777043,0.9987682156882238,0.008503306430162397,123
Standard (c=1000),-3595.799228609606,0.48249674303601553,0.007169753490530963,0.9998065157099201,0.008130965992642299,123
Robust (c=5.14),-2826.8791922387186,0.28781940305252485,0.07132015551096821,0.9929180109829034,0.018321903850631028,124
Standard (c=1000),-3673.3710207570175,0.4324110765199791,0.08165551457819381,0.9904540186822667,0.01636279147036051,124
Robust (c=5.14),-2888.568312797233,0.338349969105756,0.005586970732163131,0.9972691160881625,0.01574143957907381,125
Standard (c=1000),-3655.020814906871,0.43670680052489363,0.00497394216421508,0.9985192294379623,0.012601398815065619,125
Robust (c=5.14),-8415.972448225184,1.8617613415029513,0.024887598002238304,0.9977946715625909,2.9600930575939834e-05,126
Standard (c=1000),-8722.681589718024,1.9990784647787248,0.019113986268594133,0.9902288843842633,0.032434879814364284,126
Robust (c=5.14),-2792.6669847716776,0.32606618694615797,0.0008694608428386552,0.9992328796509654,0.011590950939969303,127
Standard (c=1000),-3582.59662199377,0.4609818531406541,0.004078593112265976,0.9997620827681967,0.006943766330197887,127
Robust (c=5.14),-5663.797629744745,1.0640216460632923,0.004060533107182327,0.9986304671510399,0.014356446174291129,128
Standard (c=1000),-7189.634061323777,1.5163279358188053,0.03491476819442317,0.9968712188520849,0.0006066986185265749,128
Robust (c=5.14),-4523.111444600693,0.5756504736649232,0.04560725979005811,0.9822186904031749,0.031817078636827416,129
Standard (c=1000),-4060.7379755756933,0.5632264194432248,0.040906349408715875,0.9917787156402038,0.019606361424616518,129
Robust (c=5.14),-3576.5279115547037,0.5751018743150698,0.016492270505884518,0.9983599308009712,0.011447036854035865,130
Standard (c=1000),-3637.355947260935,0.4490165031483412,0.021846332581872314,0.9975279716788548,0.004357170786559591,130
Robust (c=5.14),-2837.577290849699,0.39753910357173927,0.017981141780615585,0.9982508294612662,0.00573349471346886,131
Standard (c=1000),-3595.669021984649,0.44296393908127957,0.026527086233611906,0.9969625377045849,0.009479834876375333,131
Robust (c=5.14),-2789.805676238549,0.3150309141991896,0.03446760296880227,0.9968600260091547,0.014444435057266189,132
Standard (c=1000),-3586.301269043805,0.4591526273539284,0.021996824183965077,0.998074634836367,0.009318545991398034,132
Robust (c=5.14),-39566.35100483442,1.99949077303993,0.015378702875935058,0.9911286642472774,0.001483168881409984,133
Standard (c=1000),-69233.23390146972,1.9997813830901845,0.015457429433714278,0.9910861719298716,0.0014722722249332916,133
Robust (c=5.14),-3036.4500528541903,0.4073883785869678,0.08640187485707512,0.990189192992109,0.008953905134301832,134
Standard (c=1000),-3633.2858920081962,0.4287509454241344,0.04525080290226363,0.9959887403641772,0.014999926465451655,134
Robust (c=5.14),-2966.3361705271673,0.3102429890735373,0.04643087981462139,0.9995004969447637,0.022414136240732154,135
Standard (c=1000),-3855.2434036817967,0.44056780720790206,0.06368913855822768,0.9979950650318725,0.024074385038050844,135
Robust (c=5.14),-7952.517631744836,1.8811344910461663,0.03339228330828922,0.9971913583384544,0.005160679511916271,136
Standard (c=1000),-8310.20842470766,1.9010630723362931,0.025782112614988424,0.9942348607238907,0.027723082203449,136
Robust (c=5.14),-2861.020259350209,0.3469277600791108,0.025025528554967702,0.9971761480758035,0.006738465785555156,137
Standard (c=1000),-3767.9079963501995,0.5831905497929298,0.023708945622597826,0.9975724105163206,0.0031893403277673173,137
Robust (c=5.14),-3885.912493220193,0.4277372220965082,0.16144097810262747,0.9770969566252871,0.04259785836805975,138
Standard (c=1000),-3902.1537236145073,0.3874767695083626,0.2204903089320801,0.9758608992927938,0.023603967597887972,138
Robust (c=5.14),-3973.7330406783467,0.18062323861272667,0.16122394696388698,0.995764537249913,0.058008287953971525,139
Standard (c=1000),-14059.187036376205,0.31744878753125855,0.07530675303989404,0.9940719936477082,0.6788676236803208,139
Robust (c=5.14),-6851.820875934606,1.4737820961353763,0.0005133741025202263,0.9999806943869003,0.003369905816778296,140
Standard (c=1000),-3697.456275281499,0.41930526757994274,0.03450840296809451,0.9986019208138672,0.015563879677876325,140
Robust (c=5.14),-2873.989596376171,0.32610545040695166,0.030320478984783482,0.9952359056105275,0.011545879442520572,141
Standard (c=1000),-4731.11406919264,0.8500104557822902,0.036118803941370445,0.9961266343173467,0.005311957063526546,141
Robust (c=5.14),-3272.7080457315446,0.3159916960172712,0.29846014827610623,0.96533831897384,0.030418024983552696,142
Standard (c=1000),-3956.0290424561804,0.5431254276846103,0.12990783490241514,0.9884328501185099,0.015492461166872818,142
Robust (c=5.14),-2809.601578118351,0.3168720793805222,0.03689929051723513,0.9971873971591422,0.01730912222130438,143
Standard (c=1000),-3598.3953877526747,0.4736366556063441,0.0115573057227389,0.9993554870195872,0.009162614284053638,143
Robust (c=5.14),-3486.20946383814,0.23531984995319302,0.08860061375684535,0.9903829056002889,0.007985730087591698,144
Standard (c=1000),-3959.757800434843,0.3812081188189887,0.13841470173112883,0.9905298214021198,0.023938191610520736,144
Robust (c=5.14),-42843.08101670054,1.9977165227236546,0.00024729454545590517,0.9959738846240868,8.505730790390458e-05,145
Standard (c=1000),-90425.40388585525,1.9998392495793733,0.00030805432567923075,0.9957116066787799,0.0009935345795632278,145
Robust (c=5.14),-5777.111306848338,0.8081237373754989,0.07785751675948743,0.9921215711601471,0.002089327298090427,146
Standard (c=1000),-3630.925385541253,0.44804871810430646,0.05065949638948918,0.9945106486197202,0.01384777155278727,146
Robust (c=5.14),-2792.405350594212,0.320785228219795,0.013942103344844282,0.9977136920237696,0.01263218422421227,147
Standard (c=1000),-3611.252276821545,0.44428340506839026,0.021078031150532837,0.9981774804683207,0.012279744411482668,147
Robust (c=5.14),-8442.250944329548,1.9438240872144754,0.022647557928336785,0.993600383137739,0.022880725837043387,148
Standard (c=1000),-8347.53821822773,1.910144331819281,0.023123717311996,0.9931311522412728,0.017533218131840916,148
Robust (c=5.14),-3440.830264341636,0.32273775823733747,0.34897411783889254,0.9570284588206297,0.033667412289411724,149
Standard (c=1000),-4173.396789610368,0.6227156457234253,0.1364093982043607,0.985337407967658,0.013986636491366533,149
Robust (c=5.14),-2951.648680920558,0.31097282262069376,0.03998250314865798,0.9999895742085632,0.01981742887109106,150
Standard (c=1000),-3721.333430525308,0.4667619537084965,0.030123325187581762,0.9997715043768315,0.01693981919826068,150
Robust (c=5.14),-2930.216763270725,0.37095182770439983,0.01258461053777336,0.998602388216988,0.0024304659754722053,151
Standard (c=1000),-3640.983948556259,0.45197874574004004,0.026147361877834806,0.9982807730255326,0.015123057915782123,151
Robust (c=5.14),-4468.121743530667,0.7767189471819771,0.04177654171214776,0.9945129127058079,0.0072593422601144935,152
Standard (c=1000),-5121.654909365562,0.9572383514334488,0.03647717214183098,0.99655664472974,0.004935007455214012,152
Robust (c=5.14),-2811.8999152744314,0.3154369213804053,0.04183582256694068,0.994636779598857,0.014008884754367413,153
Standard (c=1000),-3639.425698778808,0.46463278234150973,0.049318878487476056,0.9937710315183453,0.011952470588991097,153
Robust (c=5.14),-4679.7155123870525,0.07373967980116633,0.6404770918146339,0.9380563509520451,0.07229092525564122,154
Standard (c=1000),-14936.318513139058,0.32609439843312743,0.06443883868984432,0.966319537505727,0.8085202196840567,154
Robust (c=5.14),-2812.9016619583053,0.30792369101661404,0.06349385062994312,0.9934707831739263,0.015971846301521833,155
Standard (c=1000),-3604.8889403061003,0.4798558526619585,0.025704208126610607,0.9975371650903564,0.010341130888779755,155
Robust (c=5.14),-8526.118731677803,1.9192057181983313,0.06653011913650858,0.9944521317826256,0.0006996766219911465,156
Standard (c=1000),-8465.031832389004,1.9082844445488019,0.06655301438463887,0.994435141035801,0.0006919092064625444,156
Robust (c=5.14),-2856.232050144782,0.329898486220943,0.051687000261719344,0.9962944218051305,0.015850209149046127,157
Standard (c=1000),-3753.246745243604,0.5137737834571122,0.02433393596317361,0.9992935885917199,0.014924984626280563,157
Robust (c=5.14),-2871.2905935482568,0.31994790567094994,0.003930816200619825,0.9974880781647549,0.012749708749590418,158
Standard (c=1000),-3603.0376284697945,0.4524544792261567,0.017790842184232,0.9978648426100518,0.01251805624305818,158
Robust (c=5.14),-2776.743984675993,0.3409263100608865,0.015810575041665317,0.9982606367750124,0.010963227034128544,159
Standard (c=1000),-3581.05142215564,0.47399122570282,0.014486072232652011,0.9988996315568125,0.006855839746563551,159
Robust (c=5.14),-2822.8270969608557,0.3303728423835618,0.015630031397907352,0.9974577636075125,0.015120300442738748,160
Standard (c=1000),-3799.903975647399,0.4553698699416859,0.04065755826101172,0.9920703575844501,0.015778069493104653,160
Robust (c=5.14),-5195.175108713744,0.9826699191116741,0.04250710949229737,0.9958579459276178,0.005814495411687635,161
Standard (c=1000),-5241.051145027327,0.9844595350878189,0.0429169667767029,0.995638631692791,0.005912957612658458,161
Robust (c=5.14),-2782.827010344351,0.30561893907517884,0.012550376212019109,0.9984120524430498,0.012280454757691345,162
Standard (c=1000),-3651.9020680052563,0.4293304591511814,0.06911812031660514,0.9930689134236501,0.01590139381774409,162
Robust (c=5.14),-2847.0843239769197,0.33006109303894854,0.08902200584182651,0.9907668395020152,0.012960992875493118,163
Standard (c=1000),-3615.447320885591,0.45684906995582203,0.01118223372407132,0.9993781319270031,0.011590416977215173,163
Robust (c=5.14),-2787.9615293841534,0.337441013549558,0.038556307520615604,0.9956614882286839,0.011363135840092967,164
Standard (c=1000),-3912.0786884816516,0.35575343873906956,0.006485842697904472,0.9958290683789902,0.022363142637686604,164
Robust (c=5.14),-3673.756443183228,0.24488068096499047,0.4350170252142908,0.9459735231302525,0.04588837279113713,165
Standard (c=1000),-4447.297431475721,0.5407092885516451,0.21117530692004266,0.9680481524150193,0.029174606763290714,165
Robust (c=5.14),-3021.598380112587,0.2312725605173536,0.08966683228803352,0.9948110516853422,0.02453644649461411,166
Standard (c=1000),-4038.0822043581547,0.4014407820657794,0.09338562986344204,0.9982522923143913,0.027494026221873812,166
Robust (c=5.14),-2854.228844195671,0.32673348568104665,0.05320224000490793,0.9931786012206022,0.013379560565079381,167
Standard (c=1000),-3599.327768004217,0.4510610072227253,0.0221950709901636,0.9978980996219033,0.009818962203643413,167
Robust (c=5.14),-5456.866649411604,0.7086546126722952,0.07450313707276532,0.9732144847444872,0.04283007680130521,168
Standard (c=1000),-3668.157569735145,0.42512790372330633,0.06930937784293903,0.992291713320668,0.017931621219405815,168
Robust (c=5.14),-2809.086009440083,0.3276756174479939,0.06251491856959053,0.9925344960748254,0.013602361966363052,169
Standard (c=1000),-3723.4816480855725,0.4914838816728584,0.09598978747939718,0.9898070475586305,0.01476347035301888,169
Robust (c=5.14),-2791.009723377295,0.35330446628671835,0.007883747338448623,0.9998101703345748,0.010457625268640644,170
Standard (c=1000),-3585.8618013131277,0.46067471631480134,0.009409538899131029,0.9991554551364723,0.006860174098400704,170
Robust (c=5.14),-2824.4256842650816,0.33949324349237514,0.06753176287697592,0.9932679914239194,0.014249287497058174,171
Standard (c=1000),-3631.4294167447947,0.4370048293964398,0.04859920199510438,0.9949972486755589,0.014895218968043755,171
Robust (c=5.14),-2800.0215502402643,0.3509693410001746,0.008184345462466297,0.9987024356781307,0.009528472721894285,172
Standard (c=1000),-3587.1374300066454,0.46367102966850143,0.017058313881520834,0.9985739382748297,0.008468489945240451,172
Robust (c=5.14),-2825.244563052147,0.32182753854500395,0.07933811801813753,0.9914271908716982,0.015027283922992084,173
Standard (c=1000),-3615.0916777936495,0.4527510786999154,0.041944615281126904,0.9959897287417476,0.012091340772923356,173
Robust (c=5.14),-2862.537399436081,0.3219676940131923,0.028932620146457633,0.9949621399876952,0.017334087675725363,174
Standard (c=1000),-4429.125286223875,0.6989994770795429,0.031192346293169637,0.9961999593520163,0.0025531774759753037,174
Robust (c=5.14),-2788.5905884621566,0.349195317032703,0.010619094559112923,0.9994657308093482,0.010312607478869801,175
Standard (c=1000),-3777.1135018981195,0.5874155414999828,0.006477278929828733,0.9998297966347502,0.004082757645862003,175
Robust (c=5.14),-2776.5327204186156,0.3365858041329202,0.013367767341924925,0.9991888998305608,0.010555909951763877,176
Standard (c=1000),-3593.8095205063078,0.47769143017282584,0.012667662312166202,0.9986343585904341,0.004585409649949755,176
Robust (c=5.14),-3090.116000702118,0.4013088375163744,0.08501683253687796,0.9882750015029297,0.018303604497022997,177
Standard (c=1000),-3681.3024134709076,0.4232306276297585,0.09219200604203437,0.9901536632667768,0.017608137060483413,177
Robust (c=5.14),-2794.144005977593,0.32051809952765736,0.0010902581292150445,0.9991944253032159,0.012290837672564961,178
Standard (c=1000),-3589.42320603023,0.44995144204551507,0.004924104867039571,0.9998247391660937,0.009570868458855302,178
Robust (c=5.14),-4592.030297030684,0.8453145194509639,0.022322565038504313,0.9978658226969043,0.00448166333429492,179
Standard (c=1000),-3913.663304551006,0.5361645946556289,0.13564455254342503,0.9857179210925685,0.0176730795406054,179
Robust (c=5.14),-5303.090405997746,0.939513914612184,0.023941628568256934,0.9944560612805536,0.01365914109251357,180
Standard (c=1000),-3596.3963243341314,0.44987922625246557,0.010644747528618125,0.9990020425334435,0.010350424815183126,180
Robust (c=5.14),-2791.8179749505425,0.3304978200552375,0.006453281258906065,0.9987242685614091,0.01112818108399207,181
Standard (c=1000),-3606.3056780635948,0.4690501099972925,0.0032366935256725182,0.9992174703099866,0.009184794894323783,181
Robust (c=5.14),-3336.4161317824137,0.5276813740321047,0.014326429385760984,0.998575452727947,0.0013053818754634055,182
Standard (c=1000),-3590.430496634105,0.4634323736744789,0.0005038727780498871,0.9999545517101462,0.007102544991634751,182
Robust (c=5.14),-2782.36018718367,0.3197499745153509,0.005446035923451111,0.9993106547658623,0.013149667268617661,183
Standard (c=1000),-3653.31752037762,0.44460536122900307,0.07222561480822406,0.9929379391616511,0.015633741469804695,183
Robust (c=5.14),-2817.019485891819,0.2898873788692336,0.06572097124425764,0.9926175104105966,0.018012421847594606,184
Standard (c=1000),-3655.317707119416,0.4417123747470018,0.07492615198141339,0.9918692538587806,0.013511538085954792,184
Robust (c=5.14),-2797.355972607005,0.30223039825445897,0.028708166961329724,0.9982036271123143,0.015947432010289257,185
Standard (c=1000),-3585.049938315498,0.49012356724473977,0.014649163711885418,0.998668711597322,0.0055938582293465385,185
Robust (c=5.14),-2783.50046296619,0.30850088869093517,0.023612040829090228,0.9980722735124055,0.015638365632705004,186
Standard (c=1000),-10849.58493530838,0.3307463308947892,0.06752613445722305,0.9513507244038982,0.3457730020312138,186
Robust (c=5.14),-2770.8984152228827,0.32605022791214106,0.028804071099090257,0.9971999456741745,0.011679404957069196,187
Standard (c=1000),-3683.604929047836,0.41710373511525295,0.0920348586569284,0.9900102079925207,0.01609345673996099,187
Robust (c=5.14),-3062.5865839038497,0.4297595446898296,0.08569333039060362,0.990885687456213,0.014536487197750839,188
Standard (c=1000),-3687.1145408555167,0.42062482873502316,0.09393073626708054,0.9903086082762206,0.01657927984925658,188
Robust (c=5.14),-2789.881054658796,0.29761129447155954,0.03187055020476593,0.9970870363820753,0.013884585194977312,189
Standard (c=1000),-3624.9723693349238,0.4865548083095213,0.029470947218564986,0.9964810699465713,0.010786451753452895,189
Robust (c=5.14),-3073.0256485457944,0.4820226937667845,0.017832494697617697,0.9986226445420169,0.0049677279758505105,190
Standard (c=1000),-3635.445547090206,0.5090530499606588,0.013987845069406132,0.9980395161934453,0.0061635594521681275,190
Robust (c=5.14),-7152.120584745047,1.3485872222538935,0.04853578254720692,0.9858953254067421,0.02839289124662972,191
Standard (c=1000),-7085.237364429442,1.3137224300020323,0.05088994605757982,0.9855506986096697,0.03940093722997228,191
Robust (c=5.14),-2955.985324785313,0.28979974546398,0.15104819243692091,0.983640026151454,0.019214385431157083,192
Standard (c=1000),-3605.0126557569643,0.4400122961770889,0.006716585859697562,0.99909069889065,0.007082316470688405,192
Robust (c=5.14),-5335.13490865675,0.7141077726570154,0.04614563678308843,0.9951013088754065,0.0013220371763109338,193
Standard (c=1000),-4036.3679219729875,0.4767059000395822,0.11384166721512644,0.982075063305218,0.018962813457581964,193
Robust (c=5.14),-5096.542191963522,0.9466350203133834,0.05567538485210196,0.9941634350669147,0.006893356602354393,194
Standard (c=1000),-5150.446983736975,0.9453813924369487,0.06473856525272874,0.9937375056162756,0.008472872156980516,194
Robust (c=5.14),-2816.406151436373,0.29942099583534193,0.016676673741964583,0.9990234061731132,0.009305459071163362,195
Standard (c=1000),-3597.1616083864246,0.48124327371945375,0.01633384391250202,0.9980768427162575,0.008399231647306117,195
Robust (c=5.14),-3734.416143639937,0.363803040168376,0.012606762806191094,0.9859519820297613,0.03556162307852932,196
Standard (c=1000),-4758.282649365933,0.48745294435366976,0.04162657498887645,0.9786995802031593,0.04315982796606306,196
Robust (c=5.14),-2905.6829605778175,0.36833895063699973,0.0007105287461339942,0.999999396841248,0.003790641179907049,197
Standard (c=1000),-3682.59485616661,0.47510703929223874,0.02955885947186679,0.9953361834585399,0.01199207775586277,197
Robust (c=5.14),-3180.9867655774824,0.3868369796855048,0.10368991536678052,0.9846020484722973,0.020951416553646043,198
Standard (c=1000),-10072.625575649467,0.7502527090872106,0.11231784785912874,0.9887949888313294,0.0008200377611141494,198
Robust (c=5.14),-2785.276048458886,0.3100109302637355,0.05152102012078245,0.9943706037534255,0.013022421635284121,199
Standard (c=1000),-10208.749020075458,0.44800351371081315,0.09586433846238818,0.9459864120817596,0.30209685254355717,199
Robust (c=5.14),-3928.7213142460782,0.6673100283411463,0.028754758572824078,0.9967930119707399,0.002801622888050735,200
Standard (c=1000),-4563.1214770731485,0.8115418039509219,0.013127737038864822,0.9988439610471047,0.005917323268096038,200
Robust (c=5.14),-2811.9872392286024,0.2963203527797379,0.018034833638013146,0.9992713551229659,0.017170530443805877,201
Standard (c=1000),-9773.829767334137,0.13900946243446888,0.07869549179185842,0.9677165991006571,0.22767849000616142,201
Robust (c=5.14),-4234.757476570472,0.21580040665698463,0.23613568977124688,1.0,0.0517591035582351,202
Standard (c=1000),-16066.40259590024,0.168511884599943,0.025291451975026687,0.9975271814351346,0.8522502802569477,202
Robust (c=5.14),-3277.4817496576097,0.5117347176874054,0.017081579688956173,0.999781850580977,0.00767023877322098,203
Standard (c=1000),-3670.413377835348,0.49934306254253724,0.015186096695366504,0.9998626615371672,0.011780915302430433,203
Robust (c=5.14),-12089.857201622526,1.9638908086955529,0.2672243228599036,0.933555621879542,0.31454463747885475,204
Standard (c=1000),-11789.003639613878,1.9511605157020446,0.10823259865586032,0.9636278669870249,0.2942591977430104,204
Robust (c=5.14),-3826.0828194796427,0.6433253069355043,0.04626497202663238,0.9949493795491048,0.004982805037781232,205
Standard (c=1000),-4856.143012217602,0.8982156636696182,0.01706982178503206,0.9984341039940947,0.003023542266196363,205
Robust (c=5.14),-2791.4624797901583,0.2960205645801694,0.01328006779424689,0.9990100608517604,0.01426313891975458,206
Standard (c=1000),-3604.8206825261923,0.4514543444979858,0.03221023722351672,0.9966666460294212,0.011832976105731122,206
Robust (c=5.14),-2785.0963741986016,0.3104025318044604,0.022301362665298807,0.9982079225408795,0.01521497868949087,207
Standard (c=1000),-3969.916781860782,0.5014403824373694,0.03812917021446566,0.9919104218255016,0.023967859198134177,207
Robust (c=5.14),-4951.860218726436,0.2188594772002064,0.3455251151230464,0.9996663934957957,0.0679058401682322,208
Standard (c=1000),-15803.645693385693,0.1428802774218709,0.0826970563380651,0.912961456955611,0.68018133604014,208
Robust (c=5.14),-2912.9656337094443,0.36382612184098584,0.026182077430633083,0.9998317131896962,0.014688811737923357,209
Standard (c=1000),-3752.021639060927,0.5833264699364312,0.01612496783552278,0.9987400166793972,0.004792386911085336,209
Robust (c=5.14),-2780.6334064285143,0.32791338164010947,0.026871417964586055,0.9976662389994009,0.013678707610574058,210
Standard (c=1000),-3595.261207005578,0.4616708439201066,0.033228560939610116,0.9965042039364505,0.00968298835076289,210
Robust (c=5.14),-3520.4578194137493,0.5610439237146057,0.06151868219046735,0.9924436108466371,0.009836395474081478,211
Standard (c=1000),-3802.602920321989,0.552855386635761,0.0588255130428107,0.9950219051128386,0.01196009826022091,211
Robust (c=5.14),-9139.009477903437,1.945509810282964,0.12366519151901896,0.9896490899721063,0.00023127755777595696,212
Standard (c=1000),-9124.75755296648,1.958742419750312,0.1356719138178099,0.988386543194496,0.00044155771412100736,212
Robust (c=5.14),-2858.606553086398,0.3005961227784868,0.10677762039001107,0.9894129994001672,0.01858314499230965,213
Standard (c=1000),-3694.0926599120203,0.43343259986014504,0.09817601294550957,0.990166398645883,0.01680666452451181,213
Robust (c=5.14),-2810.154626655315,0.29155706116513647,0.04054756581883394,0.997047427775665,0.016255629825042982,214
Standard (c=1000),-3591.7032227053664,0.4578659364273376,0.04022450195854903,0.9956490271195775,0.00900778781050349,214
Robust (c=5.14),-7945.743079338127,1.7756349368812798,0.045011921697286086,0.9962024099490799,0.0008589440302032622,215
Standard (c=1000),-4563.86848006059,0.6472042304879722,0.0615715892816657,0.9898073555603235,0.0318535945690305,215
Robust (c=5.14),-2807.571451159365,0.3193534158358447,0.06106358121792872,0.9928305539100147,0.014058307972919206,216
Standard (c=1000),-3966.4379034714443,0.4130638720180501,0.08312513307000843,0.9981471047653051,0.0240271632443552,216
Robust (c=5.14),-2802.257452668137,0.3040644366940153,0.06809481157512769,0.9927652739202079,0.01467442324773933,217
Standard (c=1000),-3625.2713200230537,0.4619689765271139,0.02244136547149162,0.996893257871949,0.012846147093591467,217
Robust (c=5.14),-2931.5906018960904,0.29556236819552245,0.037380627859357585,0.9999426996045417,0.020538352908405784,218
Standard (c=1000),-3584.9322286942065,0.46505966844104596,0.010459668805789761,0.9989320554458461,0.006544163926853829,218
Robust (c=5.14),-6187.474032385162,1.2263276652696236,0.04626224540673993,0.9967895386209932,0.008038177917652671,219
Standard (c=1000),-3684.9178734541074,0.42641112773097384,0.01570999784521631,0.9998894558517004,0.008524186901444932,219
Robust (c=5.14),-2791.786466070214,0.3204539446082546,0.024240863619322907,0.996768284388217,0.011299252365993178,220
Standard (c=1000),-3646.264362522438,0.4598933533891784,0.04102186375461163,0.9944731408852807,0.01329775067765095,220
Robust (c=5.14),-2798.9009785868325,0.30636953320359156,0.03725250357826798,0.9955852578108209,0.013847181947500228,221
Standard (c=1000),-3599.6755911876794,0.4465103467632159,0.041556240440704204,0.9958475825073392,0.009635469887531065,221
Robust (c=5.14),-2776.58209837922,0.3331608462288914,0.013888158265084893,0.9988033899344236,0.009837864107071072,222
Standard (c=1000),-3626.658307148301,0.4667456674239466,0.04665389707951487,0.9956138860049898,0.009358947559835613,222
Robust (c=5.14),-2799.0963730737003,0.33162140143302604,0.0023420247303341177,0.999961234202992,0.013996981607447117,223
Standard (c=1000),-3600.0896339099218,0.48439211863283616,0.030938303530639345,0.9967450648295895,0.007664445065696284,223
Robust (c=5.14),-3309.937000559245,0.3027974643527866,0.03801902637643731,0.9897259648390085,0.035347851967361954,224
Standard (c=1000),-3915.8149126705853,0.4443146265204052,0.04454773022690976,0.9905396967018174,0.02543758240160999,224
Robust (c=5.14),-3185.1901789421677,0.3237940216806469,0.110649315300273,0.9818387593891671,0.026782166624440436,225
Standard (c=1000),-3677.8899059510613,0.4494236363652047,0.006026744594900967,0.9973509078869417,0.01300209349122097,225
Robust (c=5.14),-2839.5807798092283,0.31040022275512746,0.023306307118709735,0.9999911510383397,0.016230925304890807,226
Standard (c=1000),-4011.8285625435815,0.6244020957256792,0.03249711944668429,0.9953660845208331,0.009713821954863215,226
Robust (c=5.14),-2829.350548713296,0.3143236410402374,0.030525733335212284,0.9988787172337384,0.016396363722972082,227
Standard (c=1000),-3640.2110829501225,0.45419635289374727,0.06231433009900027,0.9936606641523118,0.014098191401278505,227
Robust (c=5.14),-2793.67817972603,0.3009048314885253,0.04874719174237359,0.9948502879202199,0.01571752585054852,228
Standard (c=1000),-3654.589574234745,0.46223787375052505,0.06180296221987083,0.9927949292188257,0.014576933211393804,228
Robust (c=5.14),-2801.904148700932,0.33475661673986923,0.05411092073886355,0.9936133807665649,0.011352061545374294,229
Standard (c=1000),-4071.309349110071,0.40984837907740496,0.08497778864946554,0.9999126495110716,0.027456453243635295,229
Robust (c=5.14),-2835.4142109774493,0.30813763527627563,0.06921394417512691,0.9926740670685948,0.01850770643046151,230
Standard (c=1000),-3592.79195069169,0.4608454237479855,0.026405833451134796,0.9976680687432777,0.00907557891244307,230
Robust (c=5.14),-2777.0450615043474,0.33012490031701347,0.01943366345079435,0.9977928850374193,0.010384585933802098,231
Standard (c=1000),-3600.8544014520435,0.4866597131548635,0.010400081953097244,0.9986488524247579,0.007082916775702432,231
Robust (c=5.14),-2786.1183711241583,0.30676313725091103,0.00885954879561603,0.9988610974602078,0.011971061637058765,232
Standard (c=1000),-3584.093935295945,0.45945628074717,0.028003469366608157,0.997105254545867,0.007998672024074132,232
Robust (c=5.14),-2787.8021480035036,0.29812552910545037,0.015547004358865215,0.9989116778339955,0.01471791338703986,233
Standard (c=1000),-13660.075181233575,0.1470392840351072,0.09027951386384227,0.9642040224734194,0.45279921359765585,233
Robust (c=5.14),-4105.063866499683,0.20788844481937213,0.216702464432885,0.9999997763029805,0.04989200430869888,234
Standard (c=1000),-5421.29089840196,0.38660316916792886,0.30771061382601067,0.9990110280240875,0.06526441616564632,234
Robust (c=5.14),-3297.089192749049,0.262925515080258,0.35313236644112644,0.9601472977532524,0.031606502979543656,235
Standard (c=1000),-4461.9785906837,0.7083602793835388,0.14459912436782485,0.9854256747201955,0.014121907877548457,235
Robust (c=5.14),-2817.5468533433755,0.3158890802018041,0.008512317243792243,0.9976755033081353,0.01382343428784979,236
Standard (c=1000),-10718.025851559054,0.13910572261126128,0.08424870413740196,0.9252339718869903,0.26268991896855143,236
Robust (c=5.14),-3974.3993938533536,0.542164228960187,0.05425597271190806,0.9999999999979633,0.030492656090650314,237
Standard (c=1000),-5219.883963747501,0.9747726744919333,0.04737666954596711,0.9953874451777565,0.006926604895314223,237
Robust (c=5.14),-2891.1253476860384,0.2918665546011411,0.001257971558604359,0.9976974482931613,0.01990373619756927,238
Standard (c=1000),-15483.650194271502,0.13328871398405082,0.026466974806424584,0.9729477580990065,0.6049896811328804,238
Robust (c=5.14),-2787.199884110025,0.33773391408992054,0.012034520362054761,0.9987881942852583,0.007644897747283578,239
Standard (c=1000),-3596.131845434155,0.4602398888882878,0.007938689221655065,0.9990071465392995,0.005351585423375819,239
Robust (c=5.14),-2818.6934173542572,0.33340930766908955,0.0525606744147233,0.9948173316173251,0.00896894902218177,240
Standard (c=1000),-3652.975501983661,0.43504246238935157,0.07518423286866713,0.9925680236839649,0.015403936109443876,240
Robust (c=5.14),-7282.340183296094,1.5570959897201198,0.09358314811953058,0.9896042583612209,0.010380043090678118,241
Standard (c=1000),-7267.025383137641,1.516953874129962,0.10005314313673697,0.9889107996456178,0.025145405223565346,241
Robust (c=5.14),-2818.451756589443,0.29952851703691735,0.00022449010927923528,0.998844099481261,0.01353816469480218,242
Standard (c=1000),-3597.8603636870725,0.4561017165541506,0.0019178127409520164,0.9996274386838425,0.011142656010917852,242
Robust (c=5.14),-2860.9924012016227,0.3050527904948764,0.08385342599105089,0.9902089165695933,0.020304582160983985,243
Standard (c=1000),-3760.6521240825878,0.43080569442701333,0.12904393597036534,0.9868387960301539,0.016473096084777983,243
Robust (c=5.14),-7186.225832620906,0.7998907644314164,0.013079505142432585,0.9529507069918699,0.06240531050715835,244
Standard (c=1000),-3614.472498447983,0.45657539268718106,0.005244999815875681,0.998821187945027,0.008972210259208782,244
Robust (c=5.14),-7039.149902863303,1.5186055084632573,0.014340517324476734,0.9987996599792291,1.2670234661970395e-06,245
Standard (c=1000),-5134.322645509077,0.8534771041285228,0.007916830232375757,0.995423200444909,0.011833809737277028,245
Robust (c=5.14),-2808.3856457405964,0.28925349173184767,0.06508414060144911,0.9931130608209617,0.017088778973780375,246
Standard (c=1000),-3687.644071316834,0.44887279982208755,0.09212304163964989,0.9903687268775714,0.016501442593690494,246
Robust (c=5.14),-2793.73494600802,0.2914817987167128,0.007253135223107242,0.9997099147854553,0.013244917398604708,247
Standard (c=1000),-3797.7016321810356,0.4148700599695104,0.15744621492591698,0.9834188978689024,0.02055693869220273,247
Robust (c=5.14),-2792.8500102440116,0.29629633420491075,0.019454574239173475,0.9985900281770953,0.015209205695610213,248
Standard (c=1000),-3590.6900151813898,0.45224433643481016,0.020674541031599984,0.9982254424697956,0.007767681191735239,248
Robust (c=5.14),-2810.0468876016594,0.2967647452389563,0.06498235485469864,0.9924775673251336,0.015715555225874516,249
Standard (c=1000),-3667.552927240294,0.4717023058866276,0.07455651978155375,0.9918001414510185,0.014215398776071449,249
Robust (c=5.14),-2770.9248229235004,0.32725656252824575,0.008323899550248169,0.9994298035671236,0.010554311460895638,250
Standard (c=1000),-3590.0232595105203,0.4935645619564449,0.020876743520341905,0.9978042247583813,0.005520393074851654,250
Robust (c=5.14),-8014.23636206945,1.8358094449006988,0.010808982008024836,0.9974345234728496,0.015863004214943747,251
Standard (c=1000),-8064.624679693923,1.8792220110194995,0.011156280431304247,0.9972463034028233,0.009442591415321678,251
Robust (c=5.14),-2775.8559271561835,0.3051024051149668,0.024745043775102706,0.9973073014358643,0.013038314250434538,252
Standard (c=1000),-3612.1430466533975,0.4487858745081458,0.037371391753412225,0.9964038625514783,0.012368242012439684,252
Robust (c=5.14),-2819.50331061067,0.3305388501316946,0.07279358080249913,0.9927382590094257,0.01379703620922263,253
Standard (c=1000),-3619.2905588161343,0.4510798969675127,0.048536088255927375,0.9947634431439684,0.012320941075061364,253
Robust (c=5.14),-2808.0155090532994,0.32005473866636047,0.02502850431320628,0.9963052186113647,0.013447694994099361,254
Standard (c=1000),-3662.230025081189,0.4361551785743316,0.08337094954748116,0.9910997724887651,0.01589910839012401,254
Robust (c=5.14),-24721.613152469276,1.9962019131389168,0.016307844682011935,0.9974564668455245,3.600593539351799e-05,255
Standard (c=1000),-20399.069072664384,1.9652441538578915,0.029629782843961602,0.9959419950948831,0.0004735199378531602,255
Robust (c=5.14),-8440.644968035334,1.8748220458377716,0.05442179001145306,0.9953943072575235,5.180518360257529e-05,256
Standard (c=1000),-4645.605043098523,0.5836856554391784,0.05057623088998678,0.9941173164794905,0.04433966468083535,256
Robust (c=5.14),-2821.983614120615,0.3175744188711596,0.01136884570862656,0.9998455216794148,0.015679926192783876,257
Standard (c=1000),-4174.244397088343,0.5043985082565581,0.08914150338553863,0.9985202616845967,0.027183471309377465,257
Robust (c=5.14),-2789.7339804007233,0.32882451573611515,0.029206178549079385,0.9968704095244826,0.010109743247848106,258
Standard (c=1000),-3636.6398016507237,0.44805480700942285,0.05800923572408342,0.9940960546830926,0.011566900436469841,258
Robust (c=5.14),-2905.6707304917772,0.4183149235716159,0.02115963709637309,0.9979796125710111,0.003547063781338557,259
Standard (c=1000),-3683.743744324405,0.43313457682117007,0.024155935901031884,0.9999998467103005,0.015513340701523938,259
Robust (c=5.14),-2797.594570564732,0.3523685271226443,0.010115340653481592,0.99861341515626,0.007860425243852765,260
Standard (c=1000),-9572.298909668716,0.13967241651437473,0.02211143947741466,0.9337489844681061,0.1926987577674249,260
Robust (c=5.14),-2851.401675589579,0.3936417153941588,0.006920693662219238,0.999778089939828,0.005590195463830162,261
Standard (c=1000),-3621.5750842045004,0.5228358537606529,0.01430198540501579,0.9986357170604727,0.004451022393154291,261
Robust (c=5.14),-2770.895452805834,0.31673381678972834,0.013560860316545131,0.9988997237977998,0.012076223768177116,262
Standard (c=1000),-3602.145316283573,0.4813880215536713,0.018974909529554995,0.998696046149347,0.009498976807944075,262
Robust (c=5.14),-2809.418258368857,0.37194613065127113,0.013818479162002833,0.9989689317045083,0.008976753937900822,263
Standard (c=1000),-3671.6197067557005,0.4551191314695748,0.07476815979123895,0.9909122110911063,0.013165256714478933,263
Robust (c=5.14),-2789.6192054246026,0.31220530109648453,0.015840925348313845,0.9977995097544864,0.012496072946149956,264
Standard (c=1000),-5623.389981822359,0.8811782170321187,0.03541892661053678,0.9966697393019875,0.0006967215005983251,264
Robust (c=5.14),-2907.0451444629243,0.34687280751189875,0.04451505337284749,0.9953798721401639,0.005514530382395809,265
Standard (c=1000),-4531.308309610976,0.4154263457628586,0.054261642641607516,0.9935815341794534,0.0031602382448367664,265
Robust (c=5.14),-4298.995062191999,0.40157163679053437,0.0004839426332617007,0.9830751941225663,0.026553892793316294,266
Standard (c=1000),-3619.0696690144164,0.4534839634081743,3.061789676237731e-05,0.9995786146593272,0.010922907825808102,266
Robust (c=5.14),-5781.63866824502,0.014426551815009426,0.0264729274557064,0.9748321830371905,0.06360181032668608,267
Standard (c=1000),-15225.410546756668,0.13716324008849967,0.06424026780035061,0.9642366202164467,0.5675568529283822,267
Robust (c=5.14),-3178.5374234941833,0.25113393091117037,0.08850477450725844,0.9991896269744545,0.02809864635554379,268
Standard (c=1000),-3678.067170864603,0.47757024392739006,0.008905425721690723,0.9999975741330396,0.015386750540639156,268
Robust (c=5.14),-2786.5116912586805,0.32190782226286185,0.016186719620941,0.9982033882510366,0.013482625576602654,269
Standard (c=1000),-9661.2329426184,0.19426874571933123,0.012984250468944785,0.9529763658391316,0.24300989080659074,269
Robust (c=5.14),-3060.9426544049643,0.39561092452606567,0.1371860603882135,0.9848664914764215,0.01675105876585998,270
Standard (c=1000),-3679.7614154123326,0.40908133424771,0.06466396335415231,0.9935030150036696,0.01761588344449775,270
Robust (c=5.14),-2781.409299099037,0.3239173265597551,0.007454430128641661,0.9986437263602485,0.011900934504789079,271
Standard (c=1000),-3590.1010580316397,0.4776917626003718,0.006835602494501079,0.99937427012224,0.008367585404970256,271
Robust (c=5.14),-2834.8408493752268,0.29576761048343797,0.09654708626619936,0.9891885582445309,0.016694363642143745,272
Standard (c=1000),-4104.46129074156,0.41287235899868524,0.1064229344005025,0.9979683800595105,0.03003937428260702,272
Robust (c=5.14),-8309.49926757862,1.9409301155146883,0.004744593171299109,0.997092615052672,0.01579338618750883,273
Standard (c=1000),-85572.88936397254,1.9999577108833928,0.007778580465604909,0.9860700406815192,4.554188840708116e-05,273
Robust (c=5.14),-8610.69152852061,1.7021281914574244,0.08776999936453542,0.9923810152013682,6.375785900627753e-05,274
Standard (c=1000),-8951.179555319943,1.9218998888052694,0.09630853358406241,0.9917307657483432,0.00015650298908074692,274
Robust (c=5.14),-3133.832457008974,0.24850640292768325,0.0669456350246985,0.9869858271046438,0.03029638397861315,275
Standard (c=1000),-3844.284975382883,0.4198921823318821,0.049056316753405875,0.9999999999998574,0.021851948389538797,275
Robust (c=5.14),-5270.2636421388615,0.9474327004084471,0.13168181364310516,0.986241333372447,0.012565266851484676,276
Standard (c=1000),-5258.333298873834,0.9454558321075491,0.10833956307014184,0.9886364198687075,0.010945776871756113,276
Robust (c=5.14),-2771.0680721117756,0.32082997286449105,0.004515296031062225,0.9996273803233119,0.012314255624314912,277
Standard (c=1000),-3619.1682689315767,0.462441850189584,0.04325261709664844,0.9954884963223884,0.011327191908727012,277
Robust (c=5.14),-2812.3234499426057,0.31231561674683445,0.06429160762975264,0.9926153351246745,0.015448414881485704,278
Standard (c=1000),-3629.550263841496,0.43799571361394685,0.04332273093466646,0.9947223646813907,0.014526962680024827,278
Robust (c=5.14),-2787.2032008278347,0.32087438934434676,0.01536094944752734,0.9990500216642721,0.012742341310588417,279
Standard (c=1000),-3615.1079905286338,0.42936396896984824,0.04561000113353644,0.9949807276128464,0.013060887009116886,279
Robust (c=5.14),-2814.0141591409033,0.3069501688451833,0.012852880287832021,0.9976992999397722,0.015993355603566496,280
Standard (c=1000),-3586.521241753659,0.44327303940949225,0.021661691221950292,0.997837727280303,0.00968729311279371,280
Robust (c=5.14),-39975.987192666886,1.9999974688195428,0.010666179561120752,0.9916179678910144,0.005314585650802624,281
Standard (c=1000),-11544.426458061136,1.983682039886675,0.014501456282697639,0.9878577411647786,0.0130622763636928,281
Robust (c=5.14),-7700.4984892581415,1.7731972189641365,0.03795718394758118,0.9968305162261412,0.0028250329319454434,282
Standard (c=1000),-6967.619505238321,1.3088366470583475,0.059122398902112155,0.9961860811986877,0.04303343326292207,282
Robust (c=5.14),-2846.99170941382,0.3103300939756238,0.002943418360401618,0.9980448148567845,0.016534760234003333,283
Standard (c=1000),-3598.8398351765563,0.45685507233680467,0.033998990830196515,0.9961794540665604,0.008760325324028158,283
Robust (c=5.14),-3044.544803903043,0.3004677326646226,0.05337220194423558,0.9999999999451273,0.02326097117944414,284
Standard (c=1000),-3894.9405211319345,0.4317026542209962,0.05045867947738102,0.9999996018682288,0.0245206058482168,284
Robust (c=5.14),-2784.433393258762,0.32733497596468947,0.004893800828036737,0.9992330196001363,0.012529304558879335,285
Standard (c=1000),-3595.71130459513,0.4478508437772779,0.007457285913729654,0.9989471688185007,0.010280568043053342,285
Robust (c=5.14),-2865.179432590017,0.3094365730693688,0.015693935205675365,0.9961840039293292,0.018194069541626667,286
Standard (c=1000),-3598.141994970588,0.4575042322056764,0.014707622886848057,0.9979955681254458,0.01032961920296726,286
Robust (c=5.14),-2799.1325382390005,0.3137965686960333,2.996855489812572e-06,0.9996220824156413,0.015250616285877143,287
Standard (c=1000),-3601.0149312638464,0.4528672412023077,0.00750013200956298,0.999702575436651,0.011589143604349365,287
Robust (c=5.14),-2814.6370697559287,0.3277665130729709,0.07799171145837908,0.9911239560474405,0.01489950017918333,288
Standard (c=1000),-3668.1506061241994,0.41137228814379834,0.07626268922641861,0.9924777402772905,0.014920189716019766,288
Robust (c=5.14),-2794.1637281914277,0.31971301087009735,0.04477531376140407,0.9956559420770269,0.015748582391897897,289
Standard (c=1000),-3616.581771184833,0.44977264351689744,0.028792347799770336,0.997158146063249,0.01418394702017897,289
Robust (c=5.14),-4146.381289765665,0.6504230119297503,0.026499849000232244,0.9974521069226028,0.0007728797721894675,290
Standard (c=1000),-3771.30157743475,0.49725921720228217,0.032855609322767806,0.9961461006986561,0.004265788070927663,290
Robust (c=5.14),-2829.200756049609,0.2923457013772531,0.04552540535913259,0.9969863229517566,0.017546635554103407,291
Standard (c=1000),-3661.3361835294177,0.4373707265633923,0.07869221618344352,0.9914596392746456,0.015525370411152616,291
Robust (c=5.14),-2777.030734532326,0.3271921410681044,0.007515209048705327,0.999323265828908,0.011332503562067414,292
Standard (c=1000),-3576.676828910216,0.4768913579236024,0.02068055383507641,0.9980752318351511,0.008287046554294832,292
Robust (c=5.14),-3468.7006121929285,0.5884458697568278,0.011456774486463376,0.9989068929505673,0.003362134810400959,293
Standard (c=1000),-4015.3483245146995,0.6473294739396046,0.05145298778588393,0.994649230854858,0.006667012717392597,293
Robust (c=5.14),-4808.09739359975,0.6607754019674366,0.023110681643843597,0.9857630463005942,0.030566423860459456,294
Standard (c=1000),-4983.7252631789515,0.6844862242162346,0.02219166904215663,0.9867840765067233,0.03394629215897091,294
Robust (c=5.14),-2776.8452210480755,0.31698337653055547,0.0033841937391209803,0.9992578026632556,0.012251260793089382,295
Standard (c=1000),-3604.641026629506,0.4378246153047295,0.025580340814976482,0.9967854252881806,0.009030402728805863,295
Robust (c=5.14),-2952.9042193125524,0.27284997951232987,0.09772762576958133,0.9935410817848821,0.020428128249709715,296
Standard (c=1000),-3681.4820267780374,0.4187201093549624,0.08842774686629301,0.9902095232861899,0.014997614847758068,296
Robust (c=5.14),-7024.2976149359565,1.3751610609209397,0.00679730000730658,0.9994766229807064,0.00023455960764414135,297
Standard (c=1000),-7259.396258917919,1.3753166740917873,0.00693007826736888,0.9994597103013009,6.668342398679221e-08,297
Robust (c=5.14),-2796.805256003816,0.294125716995855,0.026678131899388786,0.9982608640616845,0.014718080226225522,298
Standard (c=1000),-3729.19419560012,0.5419328657228594,0.04575601578199148,0.994619867883851,0.008798740154317577,298
Robust (c=5.14),-3911.4326601698535,0.2138035141183827,0.1841020662437794,0.9999168221561854,0.04736850981571257,299
Standard (c=1000),-14733.477515320441,0.21495934422134186,0.04248127726070655,0.9627911713935321,0.6856950260566891,299
Robust (c=5.14),-6945.247202216211,1.0431327780640323,0.02708740331838906,0.9729637606198027,0.051479582475425834,300
Standard (c=1000),-6819.319342945803,0.8274161870678154,0.019085585518934127,0.9619510121655273,0.05845055762728162,300
Robust (c=5.14),-2818.565164913282,0.28879185383170103,0.07019803150461176,0.9923106963808783,0.017611000054078483,301
Standard (c=1000),-3644.532497612852,0.439836235764662,0.06516260248991726,0.9934188739041226,0.014260657348808287,301
Robust (c=5.14),-2797.0147330717596,0.3201734968361634,0.053984333513102584,0.9937858429089816,0.012402743048733282,302
Standard (c=1000),-3660.473076818497,0.4291304668401539,0.03684743751183647,0.9979986540135475,0.01547773974116959,302
Robust (c=5.14),-2826.7634496723545,0.33365433967869085,0.01815005390113423,0.9996202014386201,0.01624898868984457,303
Standard (c=1000),-3609.358670206719,0.4398446733901388,0.007675468361639289,0.9989397925994511,0.012707250374276464,303
Robust (c=5.14),-2843.2951147546046,0.27735814241388684,0.09030973557708077,0.9908475251208081,0.019200507407080927,304
Standard (c=1000),-3701.5090819159404,0.41302138083201234,0.10090514582742059,0.9888554738603248,0.016404837447642973,304
Robust (c=5.14),-2849.7184099939104,0.30933388924642463,0.10012669864820117,0.989137872374395,0.016846413807735706,305
Standard (c=1000),-3709.6363779527987,0.43531321922450705,0.1073533644419988,0.9887079002153883,0.01730917884596016,305
Robust (c=5.14),-2788.2842708486833,0.3252699616764273,0.004474927698932384,0.9998220498189663,0.013642604593603024,306
Standard (c=1000),-3636.2086931677627,0.452705731725691,0.05419728121697637,0.9938703893857157,0.01084040917358858,306
Robust (c=5.14),-2895.5814752210813,0.3011940020884646,0.04360564338533158,0.9984816243474703,0.022009202152770264,307
Standard (c=1000),-12199.679210032278,0.2199703166959027,0.04318300398147144,0.943342083194304,0.4002791945585831,307
Robust (c=5.14),-2842.468139328752,0.2825206230562236,0.05451695887200067,0.994026843525197,0.019230662164077136,308
Standard (c=1000),-3747.2024233143065,0.4983021575587633,0.026424452936084877,0.9997161655498209,0.015207053967830291,308
Robust (c=5.14),-2994.354938333461,0.4477342971215471,0.007054668087031948,0.9995089587981287,0.002660365198624099,309
Standard (c=1000),-3590.821746974394,0.49082495217160416,0.01742733827358598,0.9981339898220134,0.008324005679474033,309
Robust (c=5.14),-3507.2826862804654,0.5893458899270206,0.026160255210543954,0.997043030452354,0.004194604001311085,310
Standard (c=1000),-3579.4431718532605,0.4509179913960457,0.024381805894903005,0.9974151136677449,0.008929349195512146,310
Robust (c=5.14),-2799.277769736294,0.3303723251774378,0.05072215061521754,0.9946994512746808,0.014453168401683189,311
Standard (c=1000),-3610.4139829339715,0.466394443215564,0.045652484864906764,0.9956103964965172,0.01095188420421598,311
Robust (c=5.14),-6677.462057909449,0.998503754752134,0.07077062760755953,0.9927128451344229,0.001587029316885188,312
Standard (c=1000),-7011.065062829186,1.45351748956503,0.1052468277132822,0.9899197657588382,0.020698427694745697,312
Robust (c=5.14),-2784.074628322735,0.3283117765190483,0.03541858091304764,0.996332626642431,0.014389725473804378,313
Standard (c=1000),-3600.858167517307,0.4503722577329441,0.03947745923553002,0.996131003275032,0.011663362764530559,313
Robust (c=5.14),-2852.782549668099,0.3536766759694336,0.01862644706592621,0.9992485974510732,0.00954689373458072,314
Standard (c=1000),-3829.456653518822,0.4403315734080505,0.1701308463613248,0.9814774577047465,0.021410492821997806,314
Robust (c=5.14),-6442.481162499137,0.825743117588363,0.04098598347852977,0.9664312474692773,0.058534034237424544,315
Standard (c=1000),-6469.149744726734,0.8717990978730598,0.04119207019439104,0.9696594354419006,0.05277841503149208,315
Robust (c=5.14),-2887.5022889414386,0.3913678608178879,0.02425026871481183,0.9975487088861837,0.0034870714538955895,316
Standard (c=1000),-4259.617401165848,0.6854202745973723,0.0803458948376587,0.9906265404506152,0.010953428626375534,316
Robust (c=5.14),-2786.1425329558547,0.31467816820442907,0.05318435309576357,0.9942916229135713,0.012646340018457575,317
Standard (c=1000),-3677.9833599133012,0.45951519095969096,0.0843652144093564,0.9920071068027494,0.014180636935798662,317
Robust (c=5.14),-5713.215974138835,0.7783876337169859,0.06986907125969205,0.9743011680128916,0.036839199250791856,318
Standard (c=1000),-5736.133958942787,0.702366564181144,0.07365028940833515,0.9692764617560561,0.04469778112317426,318
Robust (c=5.14),-5437.3062183167995,0.9972237815150651,0.11801771759500292,0.9878308797935941,0.012394837072008707,319
Standard (c=1000),-5452.052570065758,0.9981715801402286,0.11322765006114599,0.9886602506334322,0.011756052031801321,319
Robust (c=5.14),-2862.87854082391,0.39576606262755903,0.004857379664625122,0.9995666884593342,0.004743265853786581,320
Standard (c=1000),-3624.54156321104,0.4447719829832815,0.021429616810723542,0.9973872379857472,0.014589655776338552,320
Robust (c=5.14),-2781.076293593254,0.31822093531801693,0.0027688564795682494,0.999977330261603,0.012159744532067309,321
Standard (c=1000),-3616.5457039823627,0.45844186901496997,0.00372837057669643,0.9999728064505402,0.004169611026862534,321
Robust (c=5.14),-8016.100273441365,1.8461161536678834,0.011852056978219932,0.9978614996952527,0.015132114254569451,322
Standard (c=1000),-50755.43318441286,1.9397892637792746,0.009064289232724523,0.997374000861844,0.00028756561669814713,322
Robust (c=5.14),-5262.906218592575,0.8810796630565864,0.05525362124200574,0.9999991014592332,0.023876777738359414,323
Standard (c=1000),-4739.843037778919,0.8584944021194846,0.029987026506922212,0.9970167704758524,0.0034071087660101983,323
Robust (c=5.14),-2875.3696311619547,0.2837712465237334,0.012257400003945082,0.9966911987683041,0.019831457762763016,324
Standard (c=1000),-3823.7342850585455,0.4373613599311835,0.03159369539622482,0.9924349076261209,0.020480165508539976,324
Robust (c=5.14),-4320.554205082734,0.770030737715496,0.009360481420931675,0.9995685673175375,0.007381064873307402,325
Standard (c=1000),-3984.1189848865565,0.6329307666602215,0.005548095956804068,0.9999995302910024,0.00481305722049306,325
Robust (c=5.14),-2850.3823107619414,0.3078157325785425,0.08501566475207574,0.9909937427310255,0.014058258861222549,326
Standard (c=1000),-5383.829881506676,0.8838295711352679,0.15663178035187153,0.9811374324475383,0.010395417963776762,326
Robust (c=5.14),-2793.6110106151336,0.29672256288368754,0.04403393016774933,0.9956974311564039,0.015027056167277335,327
Standard (c=1000),-3613.3840047377857,0.4512997675644613,0.048837094281405355,0.9950839768191211,0.011264070716138717,327
Robust (c=5.14),-10207.144103434044,0.1747927533620667,0.0255820247216062,0.9111244721187977,0.3014910425031364,328
Standard (c=1000),-11212.180699451575,0.17502155258230426,0.02539638242771745,0.9080513259603933,0.2997952210532095,328
Robust (c=5.14),-2922.3037599331587,0.2946202693588097,0.0788359395946205,0.9916440183664555,0.02515140159198257,329
Standard (c=1000),-3931.884422986421,0.4296669822086136,0.062070654748452345,0.9998719808429959,0.026017153112657967,329
Robust (c=5.14),-2787.3296346188204,0.33538209361491117,0.02261251795521187,0.9970435637287138,0.011624026823831447,330
Standard (c=1000),-3581.8507948648635,0.45900451310563084,0.024560377973441808,0.9975651528027913,0.006154527259992315,330
Robust (c=5.14),-5012.189344158717,0.9336138964384872,0.005053791984927312,0.9990321867145517,0.004839316554480417,331
Standard (c=1000),-5045.26637088092,0.9172023085174322,0.009041253796227854,0.9982956663375829,0.005253342583630378,331
Robust (c=5.14),-4345.756977297136,0.7081430507055237,0.15509723652142532,0.9838904000465245,0.01364929782199928,332
Standard (c=1000),-4446.862811150358,0.731552700855578,0.08763399584587736,0.9910963474413963,0.010668577353497997,332
Robust (c=5.14),-6034.162445621744,0.7919674475232444,0.13184483161268698,0.9628493238398425,0.05373268336758845,333
Standard (c=1000),-6075.1346344881385,0.7734731351574435,0.1323042097626159,0.9616844412033381,0.055567912889856096,333
Robust (c=5.14),-43206.57748734581,1.9977198390889466,0.003965361161533046,0.9870513074634066,0.001910655337182709,334
Standard (c=1000),-89035.08018621465,1.9997723571244286,0.003936850907201256,0.9869083029897989,0.00184468831779499,334
Robust (c=5.14),-2789.0911337152056,0.3291033287734775,0.001001242094037252,0.9995547631856208,0.010471259363401033,335
Standard (c=1000),-3610.5843118728562,0.44131381160435407,0.0006930551893698785,0.9993540624690392,0.010090445253463365,335
Robust (c=5.14),-3160.836021179166,0.42623101549244824,0.12108550506426116,0.9858703868807321,0.017670542518687982,336
Standard (c=1000),-3730.260705275828,0.45527857613607847,0.09817413443289427,0.9883110774281054,0.01852682415145457,336
Robust (c=5.14),-4187.565699540221,0.5667893868883602,0.0071452449997591455,0.9904859994877565,0.024715603830246784,337
Standard (c=1000),-6834.3859888300685,1.4788279892126095,0.01926915161010376,0.9983106409665801,0.0007394104988994593,337
Robust (c=5.14),-2801.1833557715813,0.32041275330975266,0.06021097267282628,0.9938742068112992,0.015050157535963208,338
Standard (c=1000),-3668.098865188004,0.41859940491685876,0.062012697291319085,0.9944864623683968,0.017662867952869143,338
Robust (c=5.14),-2790.678192879599,0.31956527100625726,0.006728794794328393,0.9989048283735197,0.01338206177482766,339
Standard (c=1000),-3595.5611488983054,0.45936561621117006,0.001067984444068749,0.9997181393980438,0.00931226657706435,339
Robust (c=5.14),-2884.984870797677,0.29525329923842547,0.12283614873336908,0.9863869753998268,0.020011941317124683,340
Standard (c=1000),-3725.4753685185933,0.4443729367737131,0.12119033539259465,0.9865151180769717,0.01784113322236387,340
Robust (c=5.14),-3283.7344876168463,0.2743268131972313,0.3445019146089433,0.9610626928507221,0.03255784867523908,341
Standard (c=1000),-5750.562841019279,0.5149090808548288,0.07184376492724451,0.9992583856200874,0.08891486130917627,341
Robust (c=5.14),-2840.5578047339395,0.29396571570794194,0.07781782273584578,0.9929080807184043,0.018666736885575234,342
Standard (c=1000),-3637.6294919004663,0.441613871637648,0.0025339351157925433,0.9991217971523846,0.01463949226848997,342
Robust (c=5.14),-2846.236592625395,0.29580437702370793,0.04336379667990898,0.9976378367509051,0.014349427327941042,343
Standard (c=1000),-3666.8905972137986,0.44000537483189633,0.07625819289115623,0.9926953582693181,0.016753214302014454,343
Robust (c=5.14),-8265.284378620341,1.2283858869849462,0.0998566197455964,0.9906826274637645,0.00020934151325329535,344
Standard (c=1000),-8355.048058957107,1.4483506872125171,0.09204045386833132,0.9915380583579911,0.0002932465434911173,344
Robust (c=5.14),-2784.781572308858,0.30924833994145845,0.03189572296510561,0.9975349115652211,0.013716870130216219,345
Standard (c=1000),-3602.557143546356,0.4310176276747768,0.00912200675902728,0.9989161452152578,0.011598405307283396,345
Robust (c=5.14),-6168.282744171051,0.5898904166530555,0.0008687850168042329,0.9597651866565451,0.05984004204180856,346
Standard (c=1000),-4257.767255139216,0.5623579993242905,1.7937865599345227e-06,0.9936852915717496,0.025214494736590657,346
Robust (c=5.14),-2779.9120011265636,0.3341386240089565,0.01571897632204685,0.9990455851556295,0.011285758401994554,347
Standard (c=1000),-3587.101478167655,0.4629869381396911,0.004218053562960931,0.9999633267195699,0.00841321631337619,347
Robust (c=5.14),-3240.13361078558,0.2778585251721065,0.09986698036483364,0.9977666998452575,0.024569658651604813,348
Standard (c=1000),-9895.390716435551,0.7475731964819113,0.034420835371592504,0.9683200416223686,0.2683146221402304,348
Robust (c=5.14),-2885.728570375797,0.3162268928502543,0.12357370311001205,0.9875681186789367,0.018413437457981373,349
Standard (c=1000),-3696.639232218577,0.42698015670868833,0.10940103460729202,0.9889542693948931,0.01579330083587907,349
Robust (c=5.14),-2819.6795271583,0.31192213370341954,0.07877696323279039,0.9919986290382852,0.0156697815509947,350
Standard (c=1000),-3666.7991805275947,0.42575966005436944,0.09249464863531712,0.9900540039353205,0.015780872597860134,350
Robust (c=5.14),-2781.676104832342,0.33403949949717204,0.009483355899807526,0.9990678326336927,0.011431772154985137,351
Standard (c=1000),-10173.596289372383,0.13095275182887342,0.026137601113275878,0.9283416054448225,0.21357934711393847,351
Robust (c=5.14),-5118.27296692471,0.9416435234795417,0.06885724354660386,0.9927338998975531,0.009550133704383734,352
Standard (c=1000),-5099.153522444265,0.9238072832342044,0.06555573276384138,0.9927272395827944,0.009017760908174379,352
Robust (c=5.14),-2788.0843997049483,0.31927363295863603,0.021578049618450543,0.9971526886501472,0.014199737966981013,353
Standard (c=1000),-3582.1051855126525,0.46430345666158185,0.012243813593518508,0.998914904026232,0.009227618834719151,353
Robust (c=5.14),-2863.023445776253,0.3193814096804925,0.02194308373948326,0.9997478684680676,0.01927699061241666,354
Standard (c=1000),-3665.3523130236467,0.45931428492335175,0.03652275778058173,0.9980034269119863,0.014380971327774703,354
Robust (c=5.14),-2889.996434334359,0.27785681161883097,0.05186324816060582,0.9979669258017589,0.019517042371880743,355
Standard (c=1000),-3840.0063947557132,0.4097658787398208,0.05654916577527826,0.9990350207657767,0.020772467993264095,355
Robust (c=5.14),-2824.6721688005805,0.38343006068613655,0.01914550680929076,0.9978721134559754,0.0066398508499377375,356
Standard (c=1000),-3588.0624241043943,0.44713866688050724,0.02286607749520851,0.9973992217913022,0.008474879457302457,356
Robust (c=5.14),-2793.594497086186,0.36153885336834957,0.013313395992185886,0.9985865368996508,0.007016517135869432,357
Standard (c=1000),-3589.263763128871,0.46997642607503587,0.0047573029051479416,0.999701029472854,0.007081506413766339,357
Robust (c=5.14),-2779.1329787370137,0.3082022032853324,0.012560332416294694,0.9993597470291883,0.012378861800455786,358
Standard (c=1000),-3578.089634871108,0.45115228023843207,0.015303879785498051,0.9985736510520113,0.008007449108061051,358
Robust (c=5.14),-2926.3690230235197,0.36218315204644547,0.04958594574038745,0.9936981093404149,0.00799766315564286,359
Standard (c=1000),-4347.811511378219,0.7293604430157821,0.055561672369839735,0.9943636441422582,0.00541760448680905,359
Robust (c=5.14),-2795.8573640684863,0.31509642194067433,0.011534521883809639,0.9982662000524748,0.015433217720769447,360
Standard (c=1000),-3736.916030962923,0.4637867709196957,0.08931635859715219,0.9893139918148224,0.018939417085305863,360
Robust (c=5.14),-2806.8659971346992,0.3194677778673338,0.06532342005933939,0.9928243188385123,0.014517775776888963,361
Standard (c=1000),-3677.92491801316,0.44327353576264106,0.09011076809282573,0.9903169216285699,0.012954057428982814,361
Robust (c=5.14),-2825.4059051158692,0.32896870108505616,0.05899696533439101,0.9927735524547849,0.01330118111726303,362
Standard (c=1000),-3627.2787868888017,0.4762887936933115,0.04000063927567773,0.9967160610141211,0.008045780122617687,362
Robust (c=5.14),-2783.4288859621265,0.33836810043747717,0.022919878837036188,0.9973342080578902,0.009517330604414077,363
Standard (c=1000),-3610.802868648119,0.45103216209181185,0.013534490108277257,0.9994566789402619,0.011171750739035029,363
Robust (c=5.14),-2803.242250882619,0.3147168055204092,0.01034615330434075,0.9999999999999426,0.014026514188795023,364
Standard (c=1000),-10574.366628332884,0.2552532759332664,0.009931397257622269,0.9176063833656593,0.300129494020527,364
Robust (c=5.14),-4648.153736186568,0.8477979144672697,0.03330439575340908,0.9963469234809248,0.004320023853664339,365
Standard (c=1000),-4853.230784008592,0.8729691432156076,0.054113976033088165,0.9945933375463765,0.006441207297376251,365
Robust (c=5.14),-2805.2782514702008,0.3276760519353622,0.05618050934764456,0.9935076217388178,0.012785272341607179,366
Standard (c=1000),-12477.487121389284,0.1288931438542806,0.04324762689681336,0.9629686500901148,0.3699185645458429,366
Robust (c=5.14),-2816.9631072644215,0.32591837630394926,0.0051664396536218425,0.9986804799975126,0.00948142519605936,367
Standard (c=1000),-3588.848304234533,0.47430595553586274,0.006369748612291035,0.9994040040814569,0.0050618043042350005,367
Robust (c=5.14),-2785.737996760764,0.3180936684673974,1.0122054370054329e-05,0.9999441172694891,0.0107849485835603,368
Standard (c=1000),-3627.3222886818294,0.4407533430993029,3.7139336701098546e-05,0.9992649208912708,0.00993429551968165,368
Robust (c=5.14),-2792.220244766418,0.32914143758206166,0.010959396627667942,0.998216003683145,0.011463745734382413,369
Standard (c=1000),-3582.7429224771695,0.4743477571438822,0.008359080858706817,0.9992777200950534,0.0077428901956956165,369
Robust (c=5.14),-2776.1923603032296,0.3460512509889279,0.024411286388537054,0.9977936734673023,0.00964965789120212,370
Standard (c=1000),-3586.7145652235727,0.4621980383081351,0.030930535153035826,0.9968435127898783,0.007305037996505172,370
Robust (c=5.14),-2812.2555938666233,0.3172493235895594,0.027646820475506706,0.9982070241323067,0.016764044601475223,371
Standard (c=1000),-3627.4421531701378,0.4931212111392408,0.04218470905518537,0.995203026327517,0.00833480030613368,371
Robust (c=5.14),-7732.857853538237,1.7063059075966716,0.030982885668709256,0.9946314299947439,0.016497790297415226,372
Standard (c=1000),-7417.620365476586,1.5263039637883897,0.030237128876696606,0.9919056852191922,0.026696833952037563,372
Robust (c=5.14),-2800.8269426519964,0.3140857756890336,0.06368425411675152,0.993127188576958,0.01606715744624869,373
Standard (c=1000),-3654.5687626963654,0.4975230563225816,0.05928604670158553,0.9937738601902176,0.009027872556706893,373
Robust (c=5.14),-2784.069810006361,0.3133202553053838,0.0232428251893448,0.9974995510977416,0.01346361444292842,374
Standard (c=1000),-3640.8301059171645,0.4208252434082412,0.014899250934533374,0.9991642421684725,0.015829879564328544,374
Robust (c=5.14),-7602.822564098022,0.7785992960473133,0.013055021880793613,0.9399848908283469,0.07753266106235221,375
Standard (c=1000),-3628.8224048735706,0.4409662331660059,0.012524463583432878,0.9998342271026612,0.012880879821456963,375
Robust (c=5.14),-2945.005944189452,0.23816557734104,0.07262405280005627,0.9899351301614602,0.02139465638721159,376
Standard (c=1000),-3687.792408174242,0.43915068531118207,0.0958924064347646,0.9896378764783285,0.01717346263537241,376
Robust (c=5.14),-2784.225635799545,0.300212803939638,0.011113718062550605,0.9992444917905726,0.012777200164994092,377
Standard (c=1000),-10580.473022805527,0.12718908583611147,0.05296244139207304,0.9537839631393145,0.25521378186863225,377
Robust (c=5.14),-2797.8686463635,0.33313348359784356,0.010975719234637409,0.998367659763283,0.00902522253202391,378
Standard (c=1000),-9416.444123768933,0.40777066980360144,0.005111361284604319,0.9079201634944841,0.23323935359923637,378
Robust (c=5.14),-2959.66319865461,0.44229899244735904,0.007993532122372731,0.999371597227988,0.0033341960973575376,379
Standard (c=1000),-3607.3035125514616,0.4737500522704338,0.0016399156064636797,0.999369375516477,0.009207647010020196,379
Robust (c=5.14),-2806.8185860142157,0.31538186575467847,0.06809198782511719,0.9931021045836047,0.014195908220476342,380
Standard (c=1000),-3682.169022850215,0.4201015118157945,0.08828732179143159,0.9903055881267501,0.015989933375383267,380
Robust (c=5.14),-2801.8858866118435,0.3225667169844932,0.02402142660304909,0.9988340750052963,0.015097724568853176,381
Standard (c=1000),-3581.3997632423043,0.469898649598787,0.020768345628585174,0.9978763185932472,0.008113502415534777,381
Robust (c=5.14),-3290.4313998080884,0.31876303035991427,0.19639352722058578,0.9792294023663771,0.03556846285727287,382
Standard (c=1000),-3866.5945854990414,0.43477592192858255,0.18679759410556307,0.9809146829998748,0.02295718089894364,382
Robust (c=5.14),-2774.712665957232,0.3367355613205637,0.010772240327490516,0.9988473082579139,0.008876490946969405,383
Standard (c=1000),-3585.6977362875846,0.46650339650949296,0.006314164318327847,0.9993948185454398,0.005705525146696597,383
Robust (c=5.14),-2787.419108123357,0.30548266947253916,0.021486186326216294,0.9981377447468914,0.01451020448761732,384
Standard (c=1000),-3589.739836775078,0.49108733160317913,0.011855405466271517,0.998992515179577,0.006736569973270209,384
Robust (c=5.14),-7890.930559157332,1.8347258000556428,0.019197094359269494,0.9983994790212262,1.0022687944162714e-05,385
Standard (c=1000),-8511.356027116894,1.9910186581467837,0.03884077343975814,0.991905475705643,0.022106430223073917,385
Robust (c=5.14),-2781.9060919865333,0.32678086164178105,0.030111704391829166,0.9968645012864825,0.013597517082299343,386
Standard (c=1000),-3598.591256202877,0.46760921881852086,0.040110515674219346,0.9960021738611963,0.006874492042201619,386
Robust (c=5.14),-2777.5899574794485,0.3326417546181003,0.01187315339014183,0.9986572195187873,0.01185600639469951,387
Standard (c=1000),-3581.5491649052906,0.44942594533488245,0.014210332341570462,0.9987177024116306,0.009793207383098728,387
Robust (c=5.14),-2821.2767270508234,0.3566835097221197,0.0546585015181028,0.9938219877735265,0.01168212722353046,388
Standard (c=1000),-3641.4398116714333,0.44265408270197704,0.06333613036233163,0.9934259228189726,0.012878312741791843,388
Robust (c=5.14),-2810.397179555975,0.31420471015833035,0.07970793211669479,0.9914454726214859,0.014672605246797577,389
Standard (c=1000),-3701.7673355420256,0.4313452249443373,0.104314083779122,0.9885949712656055,0.01790043367888884,389
Robust (c=5.14),-3145.649268190948,0.4543704315998346,0.007948813445291174,0.9994576020902112,0.0012847150730744918,390
Standard (c=1000),-3591.8464688955182,0.4813529120821177,0.00837710854085226,0.9989875444994698,0.006081575218716037,390
Robust (c=5.14),-2788.3732468806556,0.3368701970583696,0.009445972247246595,0.998488198602408,0.010816577407609248,391
Standard (c=1000),-3597.594326308386,0.4517910246148909,0.010532595865355592,0.9995681514661092,0.009208392865379288,391
Robust (c=5.14),-14862.396100039536,0.23443742216288213,0.09137827401149955,0.9092062694420937,0.8266177595226024,392
Standard (c=1000),-15511.72695963384,0.22348605979572214,0.09450843262138112,0.9060646405293864,0.8348053804854576,392
Robust (c=5.14),-2781.161452128775,0.3280755369287677,0.006923594546945227,0.9998752727834658,0.01303844832396515,393
Standard (c=1000),-3640.1019921697603,0.4534305928398008,0.004929640570074979,0.9983700997496635,0.009848239000521468,393
Robust (c=5.14),-2786.3789216566934,0.31883814817904715,0.004055808421786867,0.9993687029558511,0.013406693461200474,394
Standard (c=1000),-3601.1496130315386,0.4515137219334268,0.015530211249054607,0.998818045226273,0.012301198107084355,394
Robust (c=5.14),-3115.5961604532376,0.27265905717972694,0.06786013709498759,0.9999795570896176,0.027238301487593188,395
Standard (c=1000),-13939.055969595991,0.29941932063531385,0.01902176446224838,0.9085769010971279,0.6438604467364741,395
Robust (c=5.14),-2789.3504152120045,0.30291949737283547,0.044168560677921145,0.9954685078299969,0.01736288662885642,396
Standard (c=1000),-3628.381340472041,0.4490097806811202,0.048699830499689664,0.9944441240184482,0.012726043803849736,396
Robust (c=5.14),-2800.655329455149,0.31304326945286093,0.017426314357018694,0.999452521249312,0.014775450506361375,397
Standard (c=1000),-3580.211492688837,0.4739187205928886,0.006598264015774869,0.9994813164718216,0.007089966006993821,397
Robust (c=5.14),-2869.6115636929935,0.3290731189166602,0.0018176159131505195,0.9990551749163766,0.016011717231367247,398
Standard (c=1000),-3642.1944922247226,0.48517210937217187,0.005514014282023057,0.9999793750168986,0.011985026163226505,398
Robust (c=5.14),-8287.454406953764,1.949325104482561,0.09913574562210675,0.9927581126752429,0.00759061159646726,399
Standard (c=1000),-8019.008409637393,1.8779585494582611,0.029289731815601752,0.9975739923392939,1.0099710595358273e-05,399
